neo,diameter,eccentricity,semiMajorAxis,perihelionDistance,inclination,period
N,2.143,0.1779,2.606,2.142,10.01,1540
N,3.117,0.1529,2.735,2.317,12.05,1650
N,2.233,0.1726,2.739,2.266,13.16,1660
N,1.814,0.2167,2.546,1.995,17.45,1480
N,2.46,0.2122,3.137,2.472,10.02,2030
N,2.075,0.2725,2.666,1.939,14.57,1590
N,2.362,0.2636,3.133,2.307,11.75,2030
N,1.82,0.314,2.61,1.79,13.67,1540
N,2.48,0.2825,3.194,2.292,13.65,2090
N,1.639,0.1503,2.472,2.1,3.19,1420
N,2.036,0.2437,2.793,2.112,8.74,1710
N,2.745,0.0566,2.909,2.745,2.09,1810
N,1.56,0.2674,2.676,1.96,7.75,1600
N,1.684,0.4035,2.642,1.576,16.21,1570
N,1.628,0.3447,2.39,1.566,6.24,1350
N,2.616,0.1983,3.164,2.536,12.07,2060
N,1.936,0.2909,3.191,2.263,12.53,2080
N,2.302,0.1954,2.7,2.172,12.87,1620
N,1.852,0.2446,2.634,1.99,14.81,1560
N,1.614,0.1951,2.658,2.139,12.05,1580
N,2.155,0.2298,3.148,2.425,10.49,2040
N,2.396,0.2105,3.08,2.432,9.91,1970
N,4.664,0.0394,3.011,2.892,14.77,1910
N,1.929,0.3793,3.065,1.902,16.27,1960
N,3.732,0.0482,3.188,3.034,10.68,2080
N,2.193,0.0815,2.589,2.378,8.32,1520
N,2.989,0.0998,2.716,2.445,5.11,1640
N,2.433,0.2412,3.171,2.406,19.22,2060
N,1.774,0.2675,2.576,1.887,4.55,1510
N,2.541,0.1485,3.143,2.676,26.38,2030
N,2.952,0.2436,3.192,2.414,27.19,2080
N,3.252,0.2078,3.165,2.507,26.86,2060
N,3.812,0.3449,3.182,2.084,24.63,2070
N,2.302,0.2271,3.217,2.487,25.37,2110
N,2.114,0.4462,3.157,1.748,24.22,2050
Y,0.206,0.546,1.964,0.892,14.14,1010
Y,0.412,0.6996,2.416,0.726,2.33,1370
Y,0.562,0.2847,1.519,1.087,40.68,684
Y,3.33,0.5857,2.86,1.185,22.56,1770
N,2.052,0.4692,3.049,1.618,31.37,1940
N,1.941,0.2985,3.015,2.115,14.83,1910
N,1.662,0.2575,2.523,1.873,14.51,1460
N,1.662,0.1555,2.627,2.219,11.02,1560
N,4.596,0.077,3.191,2.945,9.98,2080
N,2.167,0.1284,3.111,2.712,7.85,2000
N,1.713,0.2627,2.485,1.832,13.08,1430
N,2.845,0.2863,3.178,2.268,15.55,2070
N,1.795,0.2734,2.687,1.953,14.05,1610
N,1.28,0.2945,2.748,1.939,18.11,1660
N,2.351,0.2182,3.199,2.501,11.48,2090
N,2.276,0.1601,3.161,2.655,4.76,2050
N,2.98,0.2194,3.208,2.504,16.83,2100
N,3.721,0.2139,3.233,2.542,26.82,2120
N,1.717,0.1566,2.395,2.02,10.91,1350
N,1.468,0.2381,2.415,1.84,8.69,1370
N,6.345,0.0925,3.154,2.862,17.41,2050
N,2.769,0.5334,3.115,1.454,25.37,2010
N,1.695,0.15,2.189,1.861,3.44,1180
N,1.94,0.2786,3.169,2.286,13.56,2060
N,2.423,0.1642,2.584,2.159,11.26,1520
N,4.31,0.0995,3.189,2.872,17.11,2080
N,2.054,0.163,2.289,1.916,3.23,1270
N,1.495,0.3198,3.074,2.091,10.27,1970
N,1.43,0.1967,2.669,2.144,4.45,1590
N,3.78,0.1584,3.205,2.698,27.26,2100
N,3.431,0.1467,3.199,2.729,18.04,2090
N,3.332,0.1711,3.179,2.635,27.67,2070
N,1.798,0.1747,2.583,2.132,9.95,1520
N,1.524,0.2116,2.615,2.062,18.39,1540
N,2.076,0.2298,3.075,2.368,15.66,1970
N,2.949,0.2202,2.652,2.068,14.96,1580
N,2.511,0.15,2.585,2.197,11.41,1520
N,4.316,0.1638,3.194,2.671,27.49,2090
N,2.045,0.2394,2.563,1.95,12.36,1500
Y,0.041,0.5273,1.793,0.848,0.83,877
N,1.672,0.3255,2.604,1.756,7,1530
N,2.286,0.2575,3.053,2.267,2.88,1950
N,2.722,0.161,3.045,2.555,18.95,1940
N,6.056,0.0525,3.407,3.228,8.68,2300
N,2.666,0.2165,3.146,2.465,9.3,2040
N,4.845,0.0563,3.042,2.871,15.69,1940
N,3.102,0.1827,2.687,2.196,9.12,1610
N,1.972,0.3011,2.569,1.795,12.88,1500
N,3.008,0.1595,3.153,2.65,23.09,2040
N,1.744,0.2058,2.597,2.063,5.56,1530
N,1.592,0.1965,2.468,1.983,1.19,1420
N,1.838,0.329,3.061,2.054,14.3,1960
N,1.513,0.2602,2.591,1.917,14.31,1520
N,2.038,0.5161,3.108,1.504,19.64,2000
N,3.812,0.2292,3.113,2.399,26.14,2010
N,2.859,0.0686,3.107,2.894,11.91,2000
N,2.021,0.1977,2.689,2.157,12.82,1610
N,2.108,0.1531,3.046,2.58,16.36,1940
N,1.709,0.1433,2.203,1.887,6.67,1190
N,4.614,0.0715,3.449,3.203,10.72,2340
Y,2.009,0.5287,2.368,1.116,14.53,1330
N,1.788,0.5616,3.163,1.387,22,2060
Y,1.784,0.5995,2.992,1.198,39.17,1890
Y,0.296,0.5033,1.941,0.964,5.98,988
N,4.011,0.2691,3.228,2.359,26.36,2120
N,1.663,0.1746,2.57,2.121,9.57,1510
N,2.116,0.3152,3.158,2.162,23.9,2050
N,2.627,0.171,3.246,2.691,11.44,2140
N,4.394,0.1348,3.054,2.642,9.73,1950
N,2.581,0.1325,2.845,2.468,13.36,1750
N,1.586,0.196,2.414,1.941,4.9,1370
N,2.731,0.2335,3.129,2.398,8.65,2020
N,2.401,0.2856,3.017,2.155,15,1910
N,3.866,0.1651,3.223,2.691,19.82,2110
N,1.712,0.2288,2.539,1.958,3,1480
N,4.646,0.1258,3.221,2.815,19.59,2110
N,2.793,0.157,2.621,2.209,12.74,1550
N,2.822,0.1189,3.19,2.81,17.53,2080
N,1.816,0.2164,2.547,1.996,4.97,1480
N,6.018,0.3479,3.191,2.081,17.05,2080
N,2.971,0.3165,3.053,2.086,9.38,1950
N,2.146,0.1561,2.466,2.081,15.5,1410
N,2.089,0.2594,2.441,1.808,18.52,1390
N,2.779,0.2174,2.436,1.906,17.71,1390
Y,0.088,0.5356,2.181,1.013,7.27,1180
N,3.909,0.2697,2.743,2.003,16.59,1660
Y,0.694,0.674,2.761,0.9,23.79,1680
N,1.914,0.4778,3.134,1.637,23.01,2030
N,2.615,0.2866,3.075,2.193,13.27,1970
N,1.295,0.3602,2.48,1.587,16.39,1430
N,1.306,0.2646,2.568,1.888,13.88,1500
N,1.494,0.298,2.645,1.857,12.18,1570
N,2.047,0.1937,3.045,2.455,16.89,1940
N,2.289,0.1933,2.637,2.127,12.34,1560
N,4.498,0.2094,3.131,2.475,11.36,2020
N,4.775,0.1063,3.158,2.823,28.12,2050
N,3.215,0.2081,3.038,2.405,11.47,1930
N,2.954,0.168,3.088,2.569,17.13,1980
N,2.723,0.2725,3.178,2.312,13.65,2070
N,2.179,0.2207,2.608,2.032,1.66,1540
N,2.298,0.1854,2.987,2.433,6.22,1890
Y,0.172,0.522,2.131,1.019,7.8,1140
N,4.554,0.1438,3.182,2.725,16.18,2070
N,3.239,0.1494,3.194,2.717,16.9,2090
N,2.571,0.0605,3.071,2.886,10.67,1970
N,2.886,0.1742,3.191,2.635,26.36,2080
N,1.83,0.2326,2.425,1.86,5.69,1380
N,2.941,0.1756,3.042,2.507,12,1940
N,3.325,0.0785,3.123,2.878,15.26,2020
N,3.865,0.2931,3.16,2.234,29.17,2050
N,1.842,0.3079,2.575,1.782,12.39,1510
N,1.728,0.2778,2.612,1.887,14.37,1540
N,3.396,0.1896,3.045,2.467,8.85,1940
Y,0.174,0.3758,1.539,0.961,26.77,698
N,1.649,0.455,2.649,1.444,8.34,1580
N,3.794,0.1722,3.087,2.555,26.18,1980
N,3.955,0.0994,3.188,2.871,16.38,2080
N,2.528,0.0884,3.081,2.809,17.04,1980
N,2.299,0.1735,2.545,2.103,14.64,1480
N,4.315,0.1686,3.051,2.536,26.89,1950
N,3.634,0.1885,3.208,2.603,22.95,2100
N,4.192,0.0665,2.994,2.795,14.69,1890
N,2.445,0.2031,3.135,2.498,11.44,2030
Y,0.554,0.7064,2.839,0.834,6.13,1750
N,2.881,0.0626,3.121,2.925,12.24,2010
N,3.183,0.0816,3.096,2.844,3.32,1990
N,2.146,0.1812,3.093,2.532,20.27,1990
N,2.898,0.1655,3.087,2.576,8.11,1980
Y,0.469,0.7376,2.173,0.57,6.74,1170
N,3.332,0.2299,3.167,2.439,12.07,2060
Y,0.519,0.6042,2.611,1.034,14.77,1540
N,4.261,0.4708,3.142,1.663,25,2030
N,2.87,0.3876,3.143,1.925,19.7,2040
N,2.359,0.1035,3.128,2.804,16.12,2020
N,2.151,0.2038,3.064,2.44,10.78,1960
Y,0.556,0.5888,2.619,1.077,27.04,1550
N,3.194,0.2054,3.114,2.475,9.21,2010
N,2.146,0.2305,2.908,2.238,10.92,1810
N,2.167,0.4063,2.848,1.691,18.35,1760
N,3.265,0.0766,3.136,2.896,16.08,2030
N,2.078,0.2263,3.112,2.408,9.71,2000
N,2.145,0.2399,3.087,2.346,26.23,1980
N,2.772,0.2739,3.186,2.314,12.52,2080
N,3.104,0.1251,3.176,2.778,12.2,2070
N,4.096,0.2114,3.17,2.5,9.02,2060
N,2.534,0.2828,2.978,2.136,0.69,1880
N,1.865,0.2781,2.881,2.079,9.13,1790
N,2.108,0.2241,2.848,2.209,7.65,1760
N,3.695,0.2243,3.206,2.487,25.81,2100
N,1.134,0.511,3.072,1.502,19.49,1970
N,2.555,0.1614,3.125,2.621,12.44,2020
N,2.303,0.2339,3.012,2.307,8.02,1910
N,4.344,0.0555,2.934,2.771,11.15,1840
N,3.038,0.2027,3.135,2.499,10.05,2030
N,2.569,0.1387,3.091,2.663,10.36,1990
N,1.494,0.2573,2.301,1.709,23.72,1270
N,2.512,0.2173,3.106,2.431,16.06,2000
N,1.396,0.3435,2.394,1.572,20.83,1350
N,2.144,0.2247,3.028,2.348,9.87,1920
N,4.146,0.135,3.165,2.738,13.61,2060
N,2.942,0.1235,3.218,2.821,18.98,2110
N,2.336,0.1963,3.001,2.412,7.18,1900
N,3.051,0.1346,3.129,2.708,4.53,2020
N,1.956,0.3401,3.165,2.089,26.4,2060
N,2.866,0.2219,3.176,2.471,11.92,2070
N,4.024,0.0264,3.019,2.939,13.98,1920
N,2.206,0.1792,3.068,2.518,17.7,1960
N,2.998,0.3009,3.137,2.193,23.92,2030
N,2.899,0.2604,2.976,2.201,17.76,1880
N,2.712,0.1497,2.969,2.524,7.45,1870
N,3.703,0.2029,3.146,2.508,11.99,2040
Y,0.421,0.7203,2.798,0.783,16.43,1710
N,2.623,0.1649,3.07,2.564,17.7,1960
N,1.957,0.1798,3.051,2.503,12.87,1950
N,2.41,0.1656,3.085,2.574,9.82,1980
N,2.431,0.2983,2.599,1.824,30.3,1530
N,2.73,0.1442,3.13,2.678,25.61,2020
Y,1.387,0.5452,2.423,1.102,48.05,1380
Y,0.404,0.6588,2.597,0.886,22.1,1530
N,1.677,0.411,2.61,1.537,13.77,1540
N,2.442,0.2612,3.187,2.354,16.1,2080
N,2.656,0.2455,3.142,2.371,20.55,2030
N,4.454,0.1279,3.144,2.742,10.25,2040
N,3.664,0.2039,3.058,2.434,15.57,1950
N,3.098,0.205,3.078,2.447,12.62,1970
N,2.59,0.1673,3.036,2.528,4.77,1930
N,2.401,0.1852,2.899,2.362,8.39,1800
N,1.666,0.2617,2.244,1.657,23.89,1230
N,2.239,0.4677,3.17,1.687,24.32,2060
N,0.587,0.0924,1.448,1.314,34.76,636
N,2.857,0.4311,3.188,1.814,24.24,2080
Y,0.085,0.1969,1.189,0.955,8.6,474
N,3.013,0.1675,3.017,2.512,8.64,1910
N,3.2,0.1434,2.931,2.51,12.07,1830
Y,0.242,0.329,1.243,0.834,6.09,506
N,1.735,0.4497,2.544,1.4,25.13,1480
N,4.171,0.1737,3.087,2.551,14.1,1980
N,2.257,0.1154,3.086,2.73,13.82,1980
N,5.644,0.1181,3.13,2.76,12.53,2020
N,2.145,0.2551,3.161,2.354,13.77,2050
Y,0.122,0.3485,1.466,0.955,9.17,648
N,4.646,0.1561,3.206,2.706,20.28,2100
N,2.534,0.2018,3.092,2.468,28.42,1990
Y,0.198,0.6358,2.26,0.823,13.5,1240
N,2.043,0.5128,3.145,1.532,19.93,2040
N,4.398,0.1744,3.132,2.585,28.21,2020
N,2.379,0.2524,3.091,2.311,15.13,1990
N,1.314,0.1644,2.238,1.87,4.79,1220
N,3.614,0.1395,3.227,2.777,18.84,2120
N,2.804,0.107,3.2,2.857,24.41,2090
N,3.013,0.1111,3.185,2.831,9.63,2080
N,2.104,0.18,2.892,2.371,4.25,1800
N,2.495,0.1268,3.182,2.778,19.13,2070
Y,2.923,0.6019,3.216,1.28,10.07,2110
N,1.979,0.2367,3.057,2.333,5.19,1950
N,3.029,0.1352,3.159,2.732,15.94,2050
N,2.405,0.1647,2.972,2.482,12.64,1870
N,2.984,0.0655,3.244,3.031,9.94,2130
N,2.617,0.2527,3.199,2.391,29.9,2090
Y,0.297,0.6399,2.211,0.796,20.91,1200
N,3.14,0.2294,3.186,2.455,16.42,2080
N,2.828,0.108,3.152,2.811,27.88,2040
N,3.434,0.1591,3.108,2.614,27.14,2000
N,2.759,0.2437,2.536,1.918,6.65,1480
N,2.917,0.3544,3.123,2.016,23.26,2020
N,3.532,0.1959,3.171,2.55,25.01,2060
N,1.898,0.1311,3.03,2.633,9.18,1930
N,3.031,0.1769,3.12,2.569,24.68,2010
N,2.953,0.2206,3.035,2.365,10.19,1930
N,2.235,0.2535,2.975,2.221,15.93,1870
N,3.043,0.1324,3.016,2.617,8.22,1910
N,3.081,0.0798,3.076,2.83,9.06,1970
N,2.359,0.0574,2.816,2.654,5.1,1730
N,6.71,0.1683,3.97,3.302,9.13,2890
N,2.907,0.2571,3.043,2.26,4.81,1940
N,4.985,0.2003,3.18,2.543,25.14,2070
N,4.496,0.2073,3.111,2.466,9.63,2000
N,3.095,0.3575,3.14,2.017,27.56,2030
N,2.393,0.1378,3.121,2.691,8.67,2010
N,2.044,0.2629,3.159,2.329,15.05,2050
N,3.79,0.0368,3.091,2.977,7.61,1990
N,2.448,0.1823,3.081,2.519,27.81,1970
N,2.273,0.2915,3.095,2.193,8.76,1990
N,4.696,0.0558,3.131,2.957,11.2,2020
N,2.094,0.2385,2.396,1.825,9.92,1360
N,2.755,0.0844,2.453,2.245,15.78,1400
N,4.187,0.0897,3.051,2.777,11.08,1950
N,3.168,0.1643,2.882,2.408,16.19,1790
N,3.941,0.1957,3.131,2.518,16.25,2020
Y,0.486,0.7121,2.156,0.621,14.3,1160
N,4.56,0.0335,2.968,2.868,16.16,1870
N,3.697,0.1533,2.761,2.338,17.5,1680
N,5.162,0.2861,3.186,2.274,24.73,2080
N,2.481,0.1817,3.181,2.603,15.27,2070
N,2.27,0.2033,2.995,2.386,11.71,1890
N,2.702,0.1628,2.633,2.205,11.38,1560
N,6.39,0.0194,3.116,3.055,15.24,2010
N,2.337,0.2531,3.026,2.26,9.07,1920
N,2.38,0.0933,3.015,2.734,9.9,1910
N,2.295,0.2387,3.154,2.401,14.45,2050
N,4.793,0.1969,3.238,2.6,25.13,2130
N,3.089,0.1586,3.106,2.614,14.46,2000
N,5.347,0.026,3.142,3.061,22.13,2030
N,4.886,0.1568,3.174,2.676,27.3,2070
N,2.356,0.2237,3.061,2.376,15.65,1960
N,2.616,0.19,3.103,2.514,13.55,2000
N,2.806,0.0502,2.851,2.708,6.5,1760
N,4.538,0.0994,3.088,2.781,23.56,1980
N,4.142,0.0102,3.188,3.155,16.06,2080
N,3.549,0.1656,3.157,2.634,21.64,2050
N,3.939,0.1597,3.164,2.659,17.64,2060
N,3.581,0.1178,3.207,2.829,17.53,2100
N,2.498,0.098,3.055,2.756,8.08,1950
N,2.114,0.0931,3.144,2.851,27.95,2040
N,2.416,0.1885,2.903,2.356,17.64,1810
N,3.897,0.0422,3.184,3.05,16.92,2080
N,3.733,0.2143,2.991,2.35,9.72,1890
N,3.987,0.2167,3.078,2.411,25.34,1970
N,2.494,0.331,3.112,2.082,30.72,2010
N,1.553,0.23,2.388,1.839,13.64,1350
N,3.183,0.1958,3.173,2.552,25.36,2060
N,2.145,0.052,2.97,2.816,12.52,1870
N,3.541,0.2738,3.16,2.295,24.1,2050
N,1.693,0.2165,2.298,1.8,20.45,1270
N,9.613,0.0503,5.173,4.913,27.93,4300
Y,0.651,0.7507,2.638,0.658,31.02,1560
Y,1.198,0.5928,2.911,1.185,36.65,1810
N,0.935,0.455,2.692,1.467,13.17,1610
N,2.288,0.2083,3.018,2.389,9.68,1910
N,2.416,0.2526,3.173,2.372,14.3,2060
N,3.174,0.1872,3.172,2.578,28.77,2060
Y,1.349,0.8717,2.82,0.362,35.78,1730
N,4.641,0.0323,3.195,3.092,10.77,2090
N,2.569,0.5569,3.075,1.363,18.98,1970
N,2.209,0.2071,3.07,2.435,13.73,1970
N,2.952,0.3805,3.135,1.942,25.68,2030
N,2.239,0.2151,3.016,2.368,6.48,1910
N,4.211,0.1511,3.175,2.695,18.35,2070
N,3.444,0.2026,3.044,2.427,7.4,1940
N,5.109,0.1556,3.178,2.684,25.74,2070
N,4.253,0.053,3.15,2.983,25.99,2040
N,3.839,0.2088,3.043,2.408,13.73,1940
N,2,0.1976,3.164,2.539,30.25,2060
N,4.045,0.0975,3.079,2.779,10.37,1970
Y,2.443,0.8218,2.2,0.392,29.29,1190
Y,0.355,0.7644,2.75,0.648,5.92,1670
Y,0.299,0.6669,2.451,0.817,18.29,1400
Y,1.757,0.5052,1.725,0.853,30.58,827
N,4.795,0.0226,3.212,3.14,20.3,2100
N,5.597,0.1343,3.137,2.715,21.47,2030
N,2.504,0.2425,3.166,2.398,14.19,2060
N,1.978,0.1599,2.27,1.907,24.54,1250
N,3.9,0.1128,3.016,2.676,10.26,1910
N,3.435,0.2495,3.143,2.359,24.21,2040
Y,0.129,0.3854,1.553,0.955,6.89,707
N,3.394,0.0634,3.126,2.928,16.93,2020
N,2.573,0.1499,2.724,2.316,10.35,1640
N,2.024,0.3951,2.553,1.544,28.8,1490
Y,0.37,0.6115,2.485,0.966,26.45,1430
N,1.307,0.3277,2.406,1.618,18.18,1360
N,2.022,0.1634,2.984,2.497,13.78,1880
N,3.723,0.1928,3.108,2.509,25.1,2000
N,0.724,0.5366,2.909,1.348,14.81,1810
N,2.659,0.2285,2.993,2.309,15.25,1890
N,4.022,0.1909,3.163,2.559,26.64,2050
N,2.995,0.0939,2.911,2.637,19.46,1810
Y,0.986,0.4585,2.259,1.223,29.19,1240
N,2.439,0.0799,3.019,2.778,11.61,1920
N,3.739,0.0947,3.222,2.917,27.92,2110
N,3.304,0.0702,3.131,2.911,18.94,2020
N,2.476,0.1901,3.157,2.557,11.55,2050
N,2.107,0.2163,2.777,2.176,8.69,1690
N,2.996,0.1823,2.864,2.342,17.73,1770
N,3.253,0.0883,3.219,2.934,4.11,2110
N,3.279,0.1047,2.96,2.65,15.51,1860
N,4.286,0.202,2.942,2.347,17.26,1840
N,2.713,0.1389,3.01,2.592,6.86,1910
N,2.003,0.2266,3.147,2.434,15.85,2040
N,3.582,0.0401,2.79,2.678,3.89,1700
N,3.611,0.0638,3.173,2.97,8.97,2060
N,3.855,0.0053,2.92,2.905,10.41,1820
N,4.609,0.1253,3.211,2.809,20.57,2100
N,1.896,0.2362,2.889,2.206,15.32,1790
N,2.385,0.161,3.131,2.627,25.83,2020
N,3.531,0.0552,3.017,2.851,2.01,1910
N,4.781,0.0453,3.121,2.98,6.5,2010
N,3.846,0.0206,3.17,3.105,8.56,2060
N,1.71,0.2012,2.777,2.218,8.57,1690
N,3.58,0.064,3.189,2.985,15.04,2080
N,2.549,0.3323,3.184,2.126,23.51,2070
N,3.075,0.1218,3.191,2.802,13.29,2080
N,2.066,0.3043,2.911,2.025,15.6,1810
N,3.484,0.0551,3.044,2.876,15.55,1940
N,2.635,0.1365,3.111,2.687,9.5,2000
N,4.134,0.0768,3.16,2.918,16.86,2050
N,2.664,0.2259,3.148,2.437,27.24,2040
N,2.704,0.1871,3.127,2.542,27.3,2020
N,3.741,0.141,3.089,2.653,28.18,1980
Y,0.374,0.1094,1.127,1.004,13.59,437
N,3.804,0.1268,3.052,2.665,18.27,1950
N,2.703,0.1421,2.7,2.316,3.89,1620
N,2.829,0.0881,3.082,2.811,16.69,1980
N,3.316,0.1387,3.153,2.716,16.06,2040
N,3.046,0.1391,2.752,2.369,8.36,1670
N,3.081,0.1173,2.991,2.64,16.78,1890
Y,0.358,0.7048,2.655,0.784,11.37,1580
N,2.766,0.2749,3.169,2.298,26.64,2060
N,2.274,0.1473,3.155,2.691,2.62,2050
N,3.758,0.136,3.093,2.672,12.45,1990
N,1.822,0.213,2.601,2.047,12.84,1530
N,4.075,0.0278,3.069,2.984,10.98,1960
N,2.648,0.1743,3.148,2.599,9.88,2040
N,3.552,0.2097,2.91,2.299,12.97,1810
N,2.083,0.1417,2.852,2.447,6.14,1760
N,5.121,0.2183,3.193,2.496,25.09,2080
N,1.742,0.209,2.366,1.872,11.92,1330
N,2.507,0.0993,2.666,2.401,6.8,1590
N,3.89,0.0159,3.472,3.416,9.19,2360
N,2.358,0.1143,3.013,2.669,11.28,1910
N,2.79,0.1791,3.127,2.567,9.15,2020
N,2.113,0.2956,3.098,2.183,23.53,1990
N,3.039,0.1352,3.129,2.706,26.85,2020
N,1.809,0.2043,2.763,2.198,8.27,1680
N,3.132,0.0519,2.741,2.598,16.8,1660
N,4.024,0.0753,3.133,2.898,15.56,2030
N,3.361,0.2394,3.142,2.39,9.98,2030
N,2.182,0.2054,3.16,2.511,14.7,2050
N,2.579,0.1163,2.701,2.387,10.48,1620
N,2.656,0.0972,2.992,2.701,12.98,1890
N,2.492,0.23,2.974,2.29,16.65,1870
N,1.598,0.2096,2.735,2.161,7.54,1650
N,2.227,0.1403,2.728,2.345,8.56,1650
N,3.069,0.5005,3.157,1.577,22.29,2050
N,1.704,0.2652,3.069,2.255,14.6,1960
N,2.535,0.0581,3.15,2.967,9.53,2040
N,3.797,0.1601,3.09,2.595,17.62,1980
N,3.708,0.038,2.656,2.556,16.5,1580
N,4.451,0.1068,3.136,2.801,16.56,2030
N,3.224,0.0428,3.017,2.888,16.9,1910
N,4.112,0.1732,3.176,2.626,10.19,2070
N,3.329,0.0331,3.224,3.117,8,2110
N,3.342,0.0479,3.239,3.084,9.23,2130
N,3.706,0.2341,3.153,2.415,13.91,2050
N,1.445,0.3236,2.739,1.853,5.73,1660
N,2.57,0.2042,2.864,2.279,16.19,1770
N,2.359,0.2292,3.192,2.461,26.97,2080
N,2.53,0.2538,3.019,2.253,11.6,1920
N,2.158,0.2356,3,2.293,16.69,1900
N,2.322,0.092,2.625,2.383,11.41,1550
N,3.633,0.1793,3.126,2.566,23.73,2020
N,2.791,0.0764,2.878,2.658,5.56,1780
N,2.329,0.1834,3.001,2.451,13.67,1900
N,2.308,0.2291,2.776,2.14,7.06,1690
N,3.085,0.2142,3.189,2.506,25.29,2080
N,2.251,0.1041,3.002,2.689,20.83,1900
N,3.472,0.1448,3.139,2.685,11.96,2030
N,3.088,0.1378,3.201,2.76,26.5,2090
N,2.243,0.2021,2.667,2.128,10.22,1590
N,3.443,0.1096,3.092,2.753,17.55,1990
N,2.431,0.1611,3.043,2.553,25.44,1940
N,4.058,0.1838,3.225,2.633,26.73,2120
N,2.104,0.1796,3.153,2.587,8.63,2040
N,1.895,0.2166,2.768,2.169,8.97,1680
N,4.035,0.094,3.147,2.851,15.59,2040
N,2.768,0.1467,2.671,2.28,2.43,1590
N,2.446,0.2374,3.179,2.424,11.66,2070
N,2.827,0.2029,2.786,2.221,9.35,1700
N,3.655,0.0479,3.147,2.996,10.3,2040
N,2.051,0.2018,2.737,2.185,6.59,1650
N,3.993,0.0187,3.042,2.985,13.45,1940
N,2.556,0.0978,3.085,2.783,4.39,1980
N,1.839,0.1974,2.992,2.401,13.36,1890
N,3.279,0.2005,3.155,2.523,9.42,2050
N,3.048,0.2652,3.214,2.362,26,2100
N,3.168,0.0913,3.044,2.766,10.1,1940
N,2.607,0.1295,3.204,2.789,17.59,2090
N,2.588,0.0714,2.984,2.77,6.08,1880
N,1.791,0.1978,2.85,2.286,13.89,1760
N,5.201,0.0955,3.163,2.861,14.64,2050
N,2.951,0.189,3.069,2.489,25.74,1960
N,2.957,0.2003,2.984,2.387,14.61,1880
N,4.154,0.0671,3.217,3.001,12.28,2110
N,3.277,0.0799,3.208,2.952,12.71,2100
N,2.192,0.1084,3.026,2.698,7.67,1920
N,3.315,0.1823,3.011,2.462,9.37,1910
N,2.182,0.2019,3.065,2.446,9.24,1960
N,3.443,0.1111,2.552,2.268,11.24,1490
N,2.055,0.1832,2.779,2.27,8.14,1690
N,2.095,0.1545,3.135,2.651,10.53,2030
Y,0.146,0.6392,2.622,0.946,10.04,1550
N,2.439,0.1482,3.212,2.736,27.17,2100
N,3.632,0.0681,3.055,2.847,15.6,1950
N,3.495,0.134,3.058,2.648,7.38,1950
N,2.367,0.2786,3.194,2.304,27.51,2090
N,4.914,0.0508,3.127,2.968,8.87,2020
N,3.027,0.0592,3.23,3.038,12.45,2120
N,1.761,0.2237,3.203,2.486,22.3,2090
N,1.798,0.2333,3.194,2.449,13.87,2080
N,2.154,0.1447,3.085,2.638,15.73,1980
N,4.152,0.0288,3.187,3.095,14.97,2080
N,1.783,0.2268,3.076,2.378,4.79,1970
N,1.361,0.5561,2.991,1.328,6.72,1890
N,2.264,0.1443,3.076,2.632,11.16,1970
N,0.711,0.5585,3.014,1.331,17.95,1910
Y,0.349,0.6622,2.908,0.982,13.45,1810
N,1.931,0.2174,2.615,2.046,10.3,1540
N,3.246,0.1206,3.087,2.715,16.86,1980
N,2.53,0.1929,3.1,2.502,8.71,1990
N,2.458,0.2219,3.117,2.425,10.5,2010
N,2.768,0.3228,3.136,2.123,29.14,2030
N,2.946,0.2426,3.201,2.424,24.68,2090
N,3.955,0.0726,3.06,2.837,16.15,1950
N,4.091,0.0659,3.107,2.903,19.26,2000
N,2.276,0.2599,2.679,1.983,8.63,1600
N,4.246,0.1727,3.08,2.548,21.07,1970
N,1.733,0.217,2.711,2.122,9.52,1630
N,1.212,0.2674,2.758,2.021,14.95,1670
N,2.267,0.1519,2.805,2.379,7.61,1720
N,3.942,0.1656,3.182,2.655,6.2,2070
N,1.593,0.3309,3.034,2.03,9.17,1930
N,2.795,0.1045,3.057,2.737,20.69,1950
N,3.181,0.2166,3.225,2.527,25.49,2120
Y,0.184,0.6099,2.003,0.781,5.74,1040
Y,0.384,0.6632,2.439,0.821,8.84,1390
Y,0.437,0.2883,1.338,0.952,13.04,565
N,1.917,0.2284,2.858,2.205,9.13,1760
N,3.255,0.3252,3.136,2.116,27.38,2030
N,2.031,0.2229,2.9,2.254,6.4,1800
N,2.917,0.0603,3.148,2.958,16.17,2040
N,3.543,0.2207,3.182,2.479,13.86,2070
N,3.406,0.0249,2.91,2.837,12.62,1810
N,3.239,0.0611,2.846,2.672,10.91,1750
N,2.576,0.205,3.188,2.534,28.42,2080
N,2.385,0.3555,2.915,1.879,18.72,1820
N,1.872,0.1502,2.794,2.374,7.69,1710
N,3.115,0.1269,3.165,2.764,26.36,2060
N,4.239,0.1729,3.182,2.632,18.63,2070
N,2.639,0.2365,3.108,2.373,16.23,2000
N,2.043,0.0852,3.133,2.866,16.51,2030
N,2.701,0.0915,2.641,2.4,28.99,1570
N,2.619,0.2237,2.984,2.317,11.28,1880
N,3.295,0.1572,3.112,2.623,14.22,2010
N,3.962,0.1996,3.103,2.484,25.96,2000
N,3.087,0.1311,3.07,2.667,15.98,1960
N,2.943,0.1195,2.966,2.611,7.3,1870
N,2.969,0.2625,3.238,2.388,24.68,2130
N,3.577,0.1156,3.047,2.695,8.57,1940
N,1.344,0.2793,2.735,1.971,14.31,1650
N,1.66,0.1617,2.761,2.314,8.08,1680
N,1.613,0.1672,2.616,2.178,12.45,1550
Y,0.468,0.7832,2.603,0.564,8.24,1530
N,2.56,0.1054,2.778,2.485,8.54,1690
N,2.123,0.1073,2.995,2.674,4.01,1890
N,2.815,0.1793,3.131,2.569,10.39,2020
N,2.743,0.1696,3.139,2.606,25.1,2030
N,1.901,0.2304,2.7,2.078,10.55,1620
N,2.836,0.0737,3.127,2.896,12.15,2020
N,2.775,0.0585,3.045,2.867,18.77,1940
N,4.084,0.1733,3.082,2.548,26.18,1980
N,2.044,0.2701,2.73,1.993,8.92,1650
N,5.234,0.1675,3.213,2.674,19.6,2100
N,1.473,0.2607,2.709,2.002,10.65,1630
N,2.8,0.2818,3.227,2.318,16.41,2120
N,2.103,0.1723,2.718,2.249,8.31,1640
N,3.902,0.1103,3.21,2.857,16.83,2100
N,3.515,0.0149,3.03,2.984,10.6,1930
N,2.682,0.1727,3.156,2.611,10.98,2050
N,2.207,0.2613,2.853,2.107,5.94,1760
N,2.069,0.1803,2.596,2.128,11.79,1530
N,1.678,0.2574,2.764,2.052,12.77,1680
N,1.886,0.168,3.022,2.515,10.35,1920
N,3.308,0.12,3.128,2.753,16.04,2020
Y,0.679,0.5642,2.007,0.875,10.27,1040
Y,0.435,0.922,1.926,0.15,4.86,977
N,4.64,0.1687,3.173,2.637,28.23,2060
N,3.503,0.202,3.191,2.547,17.17,2080
Y,0.349,0.3759,1.641,1.024,11.05,768
N,2.196,0.0693,2.943,2.739,17.03,1840
N,3.12,0.1546,2.803,2.37,8.89,1710
N,3.728,0.2113,3.167,2.498,27.72,2060
Y,0.535,0.7485,2.739,0.689,10.36,1660
N,1.128,0.2581,2.885,2.14,7.1,1790
N,2.703,0.1044,3.09,2.767,11.4,1980
N,2.619,0.0913,2.975,2.703,5.76,1870
N,4.608,0.0642,3.041,2.846,8.24,1940
N,2.21,0.1519,3.004,2.548,9.49,1900
N,2.601,0.1527,3.068,2.6,11.45,1960
Y,0.313,0.7822,2.469,0.538,11.11,1420
Y,0.294,0.4114,1.702,1.002,27.31,811
N,3.048,0.1986,2.864,2.295,2.98,1770
N,3.218,0.0564,3.129,2.952,26.07,2020
N,2.662,0.0787,2.872,2.646,7.6,1780
N,3.129,0.2052,3.128,2.486,11.16,2020
N,2.774,0.0923,3.031,2.751,5.7,1930
N,4.379,0.1816,3.202,2.621,15.72,2090
N,2.955,0.2319,3.184,2.446,27.13,2080
N,5.264,0.0556,3.144,2.969,27.32,2040
N,2.567,0.1123,3.037,2.696,8.64,1930
N,2.662,0.2433,2.744,2.076,15.85,1660
Y,0.232,0.6516,2.687,0.936,15.71,1610
N,2.424,0.1203,2.725,2.397,10.2,1640
N,2.318,0.2263,3.108,2.405,17.12,2000
N,4.913,0.0623,3.126,2.931,21.55,2020
Y,0.066,0.6282,1.271,0.472,13.32,523
Y,0.636,0.8101,2.789,0.53,9.43,1700
N,2.196,0.2274,3.211,2.481,13.99,2100
N,1.856,0.1996,2.722,2.179,10.65,1640
N,3.516,0.2642,3.136,2.308,12.1,2030
N,2.777,0.2303,3.076,2.367,17.99,1970
N,3.332,0.1238,2.664,2.334,8.57,1590
N,3.09,0.044,2.791,2.668,5.51,1700
N,2.616,0.2786,3.048,2.199,9.9,1940
N,1.986,0.1861,2.597,2.114,16.69,1530
Y,0.544,0.4346,2.018,1.141,24.35,1050
N,2.334,0.246,2.887,2.177,8.4,1790
Y,0.064,0.6183,2.099,0.801,5.02,1110
N,4.338,0.3462,3.123,2.042,27.09,2020
N,4.553,0.2765,3.115,2.254,24.14,2010
N,2.587,0.0472,2.754,2.624,4.94,1670
N,2.191,0.0655,2.859,2.672,18.49,1770
N,3.47,0.1005,3.061,2.754,16.42,1960
N,2.868,0.151,3.187,2.706,27.78,2080
N,2.731,0.1352,3.093,2.675,8.65,1990
N,2.713,0.0174,3.08,3.026,10.75,1970
N,1.824,0.2205,2.674,2.084,12.01,1600
N,3.024,0.1644,3.044,2.544,7.09,1940
N,2.128,0.1298,2.67,2.323,12.03,1590
N,3.463,0.2624,3.234,2.386,24.6,2120
N,4.989,0.1229,3.143,2.757,24.04,2040
N,1.446,0.161,2.807,2.355,9,1720
N,2.177,0.1729,2.763,2.285,8.89,1680
N,2.802,0.2314,2.931,2.253,24.8,1830
N,2.305,0.1057,3.065,2.741,16.48,1960
N,2.292,0.1338,2.794,2.42,8.25,1710
N,2.321,0.2326,2.737,2.1,5.19,1650
N,2.464,0.1404,3.146,2.705,15.95,2040
N,2.539,0.0825,2.95,2.706,8.99,1850
N,1.659,0.1659,2.76,2.302,8.66,1670
N,2.15,0.0752,2.455,2.27,10.91,1400
N,2.039,0.2535,2.766,2.065,15.18,1680
Y,0.944,0.7424,2.64,0.68,35.87,1570
N,3.05,0.1927,3.127,2.525,19.39,2020
N,2.671,0.1741,3.137,2.591,27.72,2030
N,3.37,0.3522,3.138,2.033,32.6,2030
N,4.601,0.1532,3.251,2.753,15.04,2140
Y,0.753,0.5719,2.549,1.091,12.55,1490
N,4.081,0.1115,3.179,2.825,17.66,2070
N,3.385,0.1388,3.023,2.604,14.47,1920
N,3.073,0.1341,3.091,2.676,15.06,1980
N,4.443,0.1467,3.239,2.764,29.09,2130
N,3.326,0.1559,3.235,2.731,28.6,2130
N,2.284,0.2198,2.709,2.114,7.79,1630
N,3.031,0.0261,2.915,2.839,13.62,1820
Y,0.262,0.4768,1.727,0.903,11.85,829
Y,0.143,0.2,1.068,0.854,11.81,403
N,2.536,0.2014,2.645,2.112,8.71,1570
N,2.474,0.3352,3.078,2.046,18.19,1970
N,2.318,0.2776,2.834,2.047,7.5,1740
N,3.186,0.0855,3.136,2.868,26.89,2030
N,4.517,0.1372,3.26,2.813,28.31,2150
N,2.786,0.2493,2.966,2.227,9.19,1870
N,3.913,0.2337,3.133,2.401,14.09,2030
N,4.433,0.0746,3.114,2.882,12.89,2010
Y,0.66,0.6688,3.065,1.015,19.05,1960
Y,0.108,0.6145,1.317,0.508,22,552
Y,1.115,0.419,2.098,1.219,35.07,1110
N,2.106,0.2919,3.111,2.203,28.01,2000
N,2.528,0.2055,2.732,2.171,16.62,1650
N,2.364,0.1444,2.773,2.373,5.17,1690
N,2.012,0.1173,2.581,2.278,9.17,1510
N,2.063,0.2097,2.563,2.025,10.84,1500
N,5.529,0.1353,3.223,2.787,17.47,2110
N,2.36,0.2196,2.754,2.15,12.17,1670
N,1.953,0.1296,2.702,2.352,10.31,1620
N,3.979,0.1805,3.186,2.611,27.43,2080
N,3.136,0.2765,3.17,2.294,13.93,2060
N,2.368,0.2987,2.851,1.999,10.05,1760
Y,0.108,0.5739,2.294,0.978,5.58,1270
N,3.075,0.3209,3.094,2.101,27.49,1990
N,4.139,0.1825,3.217,2.63,28.78,2110
N,4.061,0.3558,3.134,2.019,26.56,2030
N,3.473,0.1061,2.804,2.507,14.65,1720
N,3.645,0.2426,2.764,2.093,11.04,1680
Y,0.078,0.5601,1.79,0.787,7.91,875
N,2.331,0.2183,2.678,2.093,9.4,1600
N,2.261,0.2707,3.153,2.3,15.08,2050
N,1.611,0.4981,3.259,1.636,15.5,2150
N,1.4,0.4999,3.192,1.596,22.4,2080
Y,0.382,0.5458,1.487,0.675,10.43,663
N,2.29,0.2652,2.761,2.029,17.33,1680
N,2.239,0.2119,2.886,2.275,1.28,1790
Y,0.17,0.108,0.9833,0.877,5.1,356
N,3.175,0.1349,3.225,2.79,19.42,2120
N,1.762,0.287,3.112,2.219,18.74,2000
N,2.045,0.1681,2.786,2.317,6.7,1700
N,2.013,0.2217,2.843,2.213,8.56,1750
N,2.337,0.1616,2.564,2.15,9.67,1500
N,2.737,0.2166,3.125,2.448,10.73,2020
N,1.109,0.5419,3.069,1.406,37.55,1960
N,1.993,0.2468,2.803,2.111,16.7,1710
N,2.383,0.1621,3.1,2.598,1.23,1990
N,2.844,0.2739,3.154,2.29,25.03,2050
N,4.021,0.1134,3.184,2.823,22.76,2080
N,0.866,0.4889,2.734,1.397,18.25,1650
N,4.561,0.1669,3.17,2.641,16.45,2060
N,3.816,0.3918,3.162,1.923,23.42,2050
N,3.189,0.2247,2.434,1.887,16.56,1390
N,4.124,0.0554,2.924,2.762,16.99,1830
N,3.372,0.208,3.155,2.499,12.38,2050
N,1.911,0.2728,2.839,2.065,9.56,1750
N,2.208,0.2639,3.162,2.328,16.28,2050
N,2.994,0.283,3.153,2.261,22.75,2040
N,1.534,0.4671,3.015,1.606,33.37,1910
Y,0.342,0.6824,1.376,0.437,22.08,590
N,1.926,0.1803,2.783,2.281,9.25,1700
N,1.699,0.1696,2.744,2.279,7.76,1660
N,4.23,0.1347,2.583,2.235,18.14,1520
N,3.042,0.1879,3.133,2.544,19.02,2030
N,2.697,0.1905,2.429,1.966,14.57,1380
N,4.606,0.1818,3.133,2.563,26.55,2030
Y,0.582,0.5324,1.792,0.838,21.55,876
Y,1.288,0.6175,2.643,1.011,35.52,1570
N,2.863,0.2144,3.097,2.433,17.37,1990
N,3.316,0.188,3.199,2.597,27.93,2090
N,3.131,0.1613,3.088,2.589,15.69,1980
N,2.669,0.145,3.07,2.625,9.37,1960
N,2.595,0.0933,2.735,2.48,11.52,1650
N,2.269,0.2221,2.885,2.244,18.05,1790
N,2.556,0.1272,3.142,2.742,28.29,2030
N,3.654,0.0966,3.132,2.829,17.46,2020
N,2.893,0.2277,3.213,2.481,9.94,2100
N,2.697,0.1673,3.182,2.65,27.08,2070
N,2,0.2528,3.048,2.278,16.96,1940
Y,0.374,0.7179,2.186,0.617,6.99,1180
Y,0.066,0.7715,2.435,0.556,6.36,1390
N,5.348,0.1611,3.153,2.645,29.63,2050
Y,0.306,0.6173,2.673,1.023,14.41,1600
N,3.977,0.2267,3.138,2.426,12.62,2030
N,2.903,0.0778,2.962,2.732,16.43,1860
N,3.865,0.1557,3.138,2.649,29.81,2030
N,2.124,0.3865,2.692,1.652,6.56,1610
N,2.559,0.1879,2.648,2.151,6.16,1570
N,2.507,0.3151,3.173,2.173,14.34,2060
N,3.007,0.1644,3.136,2.62,18.79,2030
N,3.07,0.2328,2.995,2.298,13.77,1890
N,3.16,0.2456,3.081,2.324,29.77,1970
N,2.309,0.1291,3.051,2.657,15.37,1950
N,3.039,0.1088,3.195,2.847,10.92,2090
N,1.987,0.2001,3.124,2.499,20.77,2020
N,2.593,0.206,3.136,2.49,29.62,2030
N,3.207,0.2954,3.106,2.189,11.46,2000
N,4.949,0.0272,3.061,2.978,10.03,1960
N,3.642,0.3019,2.854,1.992,26.41,1760
N,3.031,0.1351,2.575,2.227,27.69,1510
N,2.455,0.2344,2.732,2.092,8.39,1650
N,2.784,0.1887,3.114,2.526,10.03,2010
N,3.887,0.189,2.903,2.354,10.36,1810
N,2.689,0.1987,2.98,2.388,7.62,1880
N,1.968,0.2144,3.031,2.381,15.89,1930
N,2.379,0.206,3.144,2.496,16.06,2040
N,2.559,0.1948,3.115,2.508,11.61,2010
N,3.096,0.1375,3.135,2.704,10.73,2030
N,2.028,0.1188,2.625,2.313,11.52,1550
N,2.185,0.2825,3.094,2.22,10.05,1990
N,2.572,0.2236,3.012,2.338,13.31,1910
N,4.777,0.1195,3.129,2.755,27.91,2020
N,2.49,0.2278,3.022,2.334,5.45,1920
N,2.946,0.1755,3.191,2.631,10.77,2080
N,2.992,0.1223,3.079,2.703,15.1,1970
Y,0.394,0.5296,1.708,0.804,44.77,815
N,3.52,0.1134,2.991,2.651,14.46,1890
N,2.18,0.2292,2.945,2.27,8.45,1850
N,3.349,0.1808,3.173,2.599,29.13,2060
Y,0.36,0.5339,2.206,1.028,40.21,1200
N,2.836,0.2527,3.129,2.339,10.9,2020
N,3.938,0.2127,3.185,2.507,26.05,2080
N,1.927,0.2045,2.596,2.065,31.41,1530
N,2.979,0.215,3.008,2.361,3.25,1910
N,2.688,0.1192,3.034,2.673,8.12,1930
N,2.992,0.2082,3.134,2.481,9.98,2030
Y,0.258,0.7808,2.015,0.442,6.58,1040
Y,0.091,0.184,0.9662,0.788,6.35,347
N,4.592,0.2283,3.164,2.442,28.66,2060
N,1.321,0.397,2.787,1.68,14.11,1700
N,2.053,0.2529,2.301,1.719,8.96,1270
N,2.808,0.1129,2.568,2.278,13.34,1500
N,1.984,0.236,3.159,2.413,8.5,2050
N,4.063,0.3323,3.167,2.115,23.21,2060
N,1.505,0.2809,2.295,1.65,2.2,1270
N,2.563,0.2421,3.101,2.351,17.05,1990
N,3.065,0.2734,3.105,2.256,26.91,2000
N,3.411,0.242,3.179,2.409,15.49,2070
N,2.539,0.0934,3.167,2.871,8.55,2060
N,2.517,0.1521,3.172,2.69,27,2060
Y,1.184,0.6943,3.509,1.073,45.44,2400
N,4.435,0.3394,3.141,2.075,22,2030
N,2.764,0.2586,3.034,2.25,17.31,1930
N,3.134,0.1939,3.139,2.53,23.23,2030
N,3.791,0.3166,3.17,2.167,27.19,2060
N,3.055,0.2841,3.148,2.254,16.51,2040
N,3.027,0.1942,2.282,1.838,23.12,1260
N,3.657,0.2062,3.012,2.391,8.5,1910
N,2.549,0.2506,2.996,2.246,14.77,1890
N,3.975,0.185,2.932,2.39,9.74,1830
N,1.598,0.3857,2.777,1.706,16.82,1690
Y,1.417,0.5206,2.252,1.08,18.52,1230
N,1.697,0.2427,3.098,2.347,9.66,1990
N,4.534,0.2701,3.155,2.303,14.14,2050
N,2.913,0.2362,2.972,2.27,13.41,1870
N,2.684,0.1324,3.054,2.649,16.98,1950
N,1.992,0.2142,2.628,2.065,12.39,1560
N,2.407,0.4077,2.75,1.629,14.31,1670
N,2.061,0.0638,2.56,2.396,13.85,1500
N,2.855,0.2197,3.104,2.422,11.41,2000
N,2.062,0.2948,3.064,2.161,22.51,1960
N,2.283,0.228,3.144,2.427,10.57,2040
N,2.35,0.1594,2.882,2.423,12.21,1790
Y,1.266,0.7555,2.157,0.528,8.01,1160
Y,0.62,0.6358,1.848,0.673,12.09,918
N,3.276,0.2961,2.637,1.856,4.92,1560
N,2.335,0.2675,2.676,1.96,15.48,1600
N,2.355,0.1576,2.569,2.164,8.4,1500
N,2.345,0.1868,3.032,2.466,16.95,1930
N,1.575,0.2952,2.755,1.942,10.82,1670
N,2.651,0.2459,3.129,2.36,3.69,2020
N,2.792,0.1351,2.603,2.251,11.41,1530
N,3.251,0.0215,3.021,2.956,9.75,1920
N,2.216,0.2387,3.037,2.312,15.07,1930
Y,0.075,0.6193,2.52,0.96,4.72,1460
Y,0.585,0.7341,2.206,0.587,17.38,1200
N,1.788,0.4084,2.923,1.73,23.41,1830
N,2.987,0.1598,3.075,2.584,9.18,1970
N,2.99,0.2145,2.64,2.073,3.47,1570
N,2.445,0.2584,3.154,2.339,14.09,2050
N,2.208,0.2319,3.163,2.429,9.11,2050
N,2.266,0.2668,2.681,1.966,12.74,1600
N,3.351,0.189,2.407,1.952,6.17,1360
N,2.177,0.2519,3.001,2.245,14.92,1900
N,3.939,0.08,3.131,2.881,12.95,2020
Y,0.328,0.7875,2.289,0.487,9.4,1270
N,1.15,0.2622,2.695,1.988,12.61,1620
N,1.914,0.3139,2.742,1.881,17.15,1660
N,4.168,0.1807,3.171,2.598,28.34,2060
N,1.97,0.1438,2.92,2.5,13.11,1820
Y,0.439,0.7829,2.378,0.516,16.51,1340
N,2.058,0.2635,2.567,1.891,11.87,1500
N,1.29,0.3272,2.743,1.845,24.47,1660
N,1.403,0.4659,3.166,1.691,23.8,2060
N,2.254,0.24,2.604,1.979,11.7,1540
N,3.004,0.2024,3.124,2.492,9.55,2020
Y,0.132,0.392,1.571,0.955,20.04,719
Y,0.267,0.5311,0.706,0.331,16.15,217
N,2.171,0.1787,3.039,2.496,6.87,1940
N,2.554,0.1907,3.116,2.522,17.46,2010
N,1.575,0.3034,2.911,2.028,6.45,1810
N,2.118,0.2646,2.802,2.061,11.99,1710
N,2.141,0.1292,2.734,2.381,24.72,1650
N,2.275,0.1598,2.604,2.188,14.11,1530
N,2.563,0.1706,3.025,2.509,6.94,1920
N,2.073,0.0771,2.771,2.557,3.89,1680
N,2.005,0.1558,2.549,2.152,3.45,1490
Y,0.474,0.7656,2.795,0.655,11.64,1710
N,3.766,0.1063,3.114,2.783,14.22,2010
N,1.591,0.3002,2.474,1.731,10.24,1420
N,2.358,0.189,2.757,2.236,11.76,1670
N,5.997,0.0809,3.136,2.882,15.59,2030
N,2.302,0.1544,3.042,2.572,20.81,1940
N,2.996,0.1218,2.735,2.402,5.95,1650
N,2.228,0.1659,3.031,2.528,9.6,1930
N,4.912,0.0438,3.148,3.01,26.69,2040
N,5.8,0.0603,3.038,2.855,15.59,1930
N,3.409,0.2115,3.138,2.475,22.29,2030
N,2.191,0.2164,2.64,2.069,12.04,1570
Y,0.343,0.4981,2.039,1.023,42.16,1060
N,2.532,0.2303,2.842,2.188,9.18,1750
N,1.648,0.2939,2.785,1.967,19.61,1700
N,2.601,0.2365,2.776,2.119,9.02,1690
N,2.864,0.2613,2.646,1.955,20.13,1570
N,3.898,0.1142,3.167,2.805,22.86,2060
N,2.069,0.2922,2.548,1.803,26.21,1490
N,2.328,0.3179,2.886,1.969,9.35,1790
Y,0.398,0.5567,2.129,0.944,5.97,1130
Y,0.256,0.3463,1.543,1.009,11.47,700
N,1.736,0.1936,2.782,2.243,10.2,1690
N,1.975,0.1962,2.588,2.08,11.1,1520
N,4.597,0.1579,3.068,2.584,21.2,1960
Y,0.156,0.7513,2.71,0.674,7.62,1630
N,2.801,0.2406,2.768,2.102,20.24,1680
N,3.885,0.1386,3.019,2.6,13.57,1920
N,3.467,0.2394,3.181,2.419,15.4,2070
N,2.105,0.2748,2.654,1.924,14.36,1580
Y,0.252,0.8741,2.262,0.285,6.11,1240
N,2.004,0.1624,2.734,2.29,7.07,1650
N,2.13,0.1592,2.71,2.278,2.57,1630
N,1.846,0.1427,2.843,2.438,17.26,1750
N,3.231,0.0898,3.199,2.912,29.3,2090
N,2.487,0.2479,2.872,2.16,17.97,1780
N,2.474,0.1435,2.615,2.24,10.37,1540
N,1.912,0.2625,2.74,2.021,16.35,1660
N,4.332,0.1859,3.22,2.621,18.53,2110
N,1.806,0.2715,3.211,2.339,14.78,2100
N,1.912,0.46,3.196,1.726,22.7,2090
N,1.685,0.2557,3.009,2.239,9.18,1910
N,2.608,0.1347,2.989,2.586,13.88,1890
N,2.658,0.2938,2.643,1.866,13.04,1570
N,2.874,0.137,2.774,2.394,7.67,1690
N,1.895,0.1839,2.529,2.064,5.02,1470
N,1.693,0.2393,2.712,2.063,15.98,1630
N,1.93,0.1721,2.549,2.11,13.13,1490
Y,0.233,0.5501,2.033,0.915,11.66,1060
Y,0.076,0.6072,2.41,0.946,3.68,1370
N,2.135,0.2924,3.291,2.329,10.92,2180
N,2.044,0.1357,2.87,2.481,17.57,1780
N,3.829,0.0468,2.951,2.813,11.12,1850
Y,0.332,0.631,1.616,0.596,48.91,750
N,1.264,0.5695,3.043,1.31,26.91,1940
N,2.151,0.2476,3.185,2.397,16.1,2080
N,2.283,0.1007,2.471,2.222,16.51,1420
N,2.182,0.0811,2.788,2.562,3.99,1700
N,2.018,0.1572,2.874,2.422,11.5,1780
N,2.942,0.2128,2.544,2.003,3.75,1480
N,2.235,0.0865,2.773,2.533,4.47,1690
N,3.182,0.1619,3.359,2.815,18.9,2250
N,3.333,0.04,2.916,2.8,13.15,1820
N,2.507,0.22,2.766,2.157,12.49,1680
N,1.049,0.3487,2.771,1.805,19.12,1680
N,2.277,0.226,2.78,2.152,9.67,1690
Y,0.213,0.3688,1.555,0.982,20.95,708
N,2.685,0.176,2.764,2.277,9.84,1680
N,3.82,0.1337,3.214,2.784,20.4,2100
N,1.484,0.4704,2.997,1.587,20.38,1900
N,3.135,0.1293,2.877,2.505,10.37,1780
N,2.17,0.169,2.74,2.277,8.09,1660
N,2.384,0.3495,2.751,1.79,25.36,1670
N,2.746,0.147,2.861,2.44,18.52,1770
Y,0.139,0.5672,2.246,0.972,1.9,1230
Y,0.072,0.5371,1.878,0.869,5.16,940
N,0.937,0.5051,2.71,1.341,20.06,1630
N,1.477,0.5361,3.044,1.412,20.99,1940
N,1.674,0.3297,2.861,1.918,8.6,1770
N,3.998,0.0462,3.191,3.043,11.72,2080
N,3.037,0.2135,2.999,2.358,9.2,1900
N,1.331,0.4677,3.136,1.669,24.19,2030
Y,0.049,0.5636,2.188,0.955,8.61,1180
Y,0.047,0.5791,1.972,0.83,2.96,1010
N,1.547,0.1096,2.159,1.923,5.83,1160
N,2.064,0.1889,2.909,2.36,16.38,1810
N,3.291,0.1473,3.219,2.745,29.05,2110
N,1.942,0.281,2.78,1.999,21.19,1690
N,2.227,0.3228,2.55,1.727,25.8,1490
N,2.441,0.2113,2.284,1.801,24.17,1260
Y,0.157,0.5413,2.128,0.976,2.74,1130
N,3.565,0.1586,3.186,2.68,26.36,2080
N,3.923,0.2447,3.179,2.401,25.91,2070
N,2.321,0.1409,2.64,2.268,5.05,1570
N,2.23,0.5683,3.013,1.301,23.65,1910
N,3.828,0.3491,3.151,2.051,25.82,2040
N,1.28,0.3633,2.297,1.462,17.35,1270
Y,0.48,0.6914,2.033,0.628,34.37,1060
N,3.866,0.2052,3.14,2.495,27.5,2030
Y,0.882,0.4666,2.277,1.215,23.42,1250
Y,1.403,0.7977,2.494,0.505,10.94,1440
N,3.398,0.2086,3.171,2.51,15.48,2060
N,2.935,0.1696,3.225,2.678,26.16,2120
N,1.458,0.2818,2.371,1.703,27.48,1330
Y,0.392,0.6785,2.757,0.886,32.41,1670
N,3.065,0.1794,3.135,2.573,26.95,2030
Y,0.048,0.3685,1.57,0.991,2.39,718
N,1.565,0.3912,2.729,1.661,30,1650
Y,0.201,0.6556,2.278,0.785,11.59,1260
Y,0.35,0.5346,1.635,0.761,6.46,764
N,4.38,0.1,3.135,2.821,25.67,2030
N,2.637,0.0725,2.769,2.569,4.09,1680
N,2.026,0.209,2.754,2.178,4.93,1670
N,2.397,0.1791,3.213,2.637,27,2100
N,1.703,0.2311,2.757,2.12,7.25,1670
N,1.708,0.2357,2.773,2.119,7.05,1690
N,3.884,0.1792,3.2,2.627,19.97,2090
N,3.13,0.2688,3.209,2.347,27.92,2100
N,2.137,0.2483,3.188,2.397,16.41,2080
N,2.79,0.1474,3.15,2.685,16.31,2040
N,2.007,0.1772,2.842,2.339,14.09,1750
N,3.49,0.0738,3.151,2.918,15.27,2040
N,1.89,0.2125,2.691,2.119,12.78,1610
Y,0.47,0.3207,1.65,1.121,15.53,774
Y,0.06,0.6312,2.436,0.898,2.14,1390
Y,0.335,0.617,2.642,1.012,12.53,1570
Y,0.936,0.4636,1.482,0.795,32.98,659
N,2.971,0.2155,3.213,2.521,26.07,2100
N,2.432,0.2534,3.169,2.366,12.35,2060
N,2.904,0.2612,3.17,2.342,14.4,2060
N,3.126,0.1692,3.197,2.656,26.4,2090
N,2.129,0.1755,2.712,2.236,10.05,1630
N,2.47,0.1157,2.613,2.311,11.44,1540
N,1.639,0.1696,2.764,2.295,17.94,1680
N,3.182,0.0079,3.192,3.166,14.67,2080
N,3.436,0.2025,2.791,2.226,9.09,1700
N,1.931,0.1914,2.678,2.166,14.84,1600
N,1.006,0.2913,2.24,1.587,21.74,1220
N,1.996,0.2119,2.782,2.193,7.61,1700
N,2.755,0.204,3.243,2.582,24.84,2130
N,4.113,0.1417,3.206,2.752,16.08,2100
N,2.797,0.2797,3.144,2.265,24.92,2040
N,1.377,0.3328,2.553,1.703,25.1,1490
N,2.117,0.1715,3.137,2.599,29.07,2030
N,3.058,0.1733,3.077,2.544,15.77,1970
N,3.581,0.1387,3.104,2.673,12.96,2000
N,2.13,0.2288,3.068,2.366,12.21,1960
N,2.51,0.175,3.119,2.573,8.28,2010
N,3.33,0.1445,3.178,2.718,17.48,2070
N,3.535,0.3148,3.179,2.178,25.35,2070
N,2.463,0.0853,3.076,2.813,15.57,1970
N,3.141,0.2607,3.188,2.357,13.19,2080
N,2.842,0.1284,3.168,2.762,19.91,2060
N,4.03,0.2608,3.065,2.266,10.19,1960
N,3.901,0.1553,3.11,2.627,12.55,2000
N,3.326,0.0337,3.196,3.088,12.78,2090
N,1.907,0.1734,3.072,2.539,17.78,1970
Y,0.046,0.1197,1.095,0.964,4.69,419
Y,0.186,0.4105,1.539,0.907,28.62,697
N,5.319,0.2721,3.19,2.322,26.68,2080
N,3.932,0.2096,3.178,2.512,28.32,2070
N,2.21,0.2343,3.142,2.406,29.01,2030
Y,0.11,0.6053,2.456,0.969,4.03,1410
N,2.035,0.3376,2.605,1.726,24.99,1540
Y,0.359,0.7848,2.351,0.506,10.91,1320
N,2.836,0.3723,3.06,1.921,20.56,1960
Y,0.086,0.3267,1.368,0.921,5.42,584
N,3.823,0.1412,3.134,2.691,6.96,2030
N,2.98,0.1936,3.176,2.561,21.4,2070
N,2.484,0.1834,3.093,2.525,18.82,1990
N,3.551,0.1112,2.607,2.317,15.1,1540
N,2.408,0.1371,3.115,2.688,17.48,2010
N,3.32,0.1754,3.129,2.58,10.34,2020
N,4.78,0.0618,3.148,2.953,16.01,2040
N,4.287,0.1372,3.104,2.679,16.57,2000
N,3.189,0.221,3.184,2.48,25.93,2080
N,2.871,0.1506,3.069,2.607,11.4,1960
N,4.157,0.1673,3.18,2.648,26.56,2070
N,2.913,0.1799,3.136,2.572,24.5,2030
N,2.827,0.2483,3.166,2.379,16.39,2060
Y,0.543,0.1867,1.448,1.177,23.1,636
Y,0.422,0.433,1.779,1.009,7.91,867
Y,0.215,0.3552,1.321,0.852,5.59,555
Y,0.271,0.5093,1.879,0.922,12.66,941
N,2.895,0.1709,3.139,2.602,11.26,2030
N,3.254,0.0449,3.163,3.021,11.57,2050
N,3.362,0.1927,3.145,2.539,17.73,2040
N,2.263,0.2029,2.373,1.892,6.54,1340
N,2.223,0.2727,3.191,2.321,12.7,2080
N,4.713,0.0807,3.155,2.9,26.25,2050
N,3.584,0.0751,3.103,2.87,16.33,2000
N,2.655,0.2048,3.139,2.496,11.76,2030
Y,0.338,0.544,2.326,1.061,26.65,1300
N,3.566,0.1041,3.218,2.883,16.34,2110
N,1.901,0.2604,3.187,2.357,11.64,2080
N,4.056,0.164,3.112,2.602,26.64,2010
N,3.838,0.1871,3.192,2.595,12.4,2080
N,2.378,0.1835,3.173,2.591,26.59,2060
N,4.856,0.0938,3.084,2.794,14.25,1980
N,2.612,0.1704,3.183,2.64,2.72,2070
N,5.032,0.1177,3.188,2.813,28.41,2080
N,3.359,0.1405,3.067,2.636,15.01,1960
N,3.234,0.1618,3.99,3.345,9.14,2910
N,2.882,0.2122,3.111,2.451,18.21,2000
N,2.41,0.146,3.036,2.593,8.23,1930
N,3.888,0.1106,3.111,2.767,29.2,2000
N,3.289,0.2165,3.144,2.464,8.7,2040
N,2.665,0.2885,3.115,2.217,26.09,2010
N,3.979,0.0355,3.201,3.087,8.99,2090
N,4.359,0.0714,3.143,2.919,24.29,2040
N,2.263,0.1332,2.613,2.265,10.07,1540
N,2.035,0.2332,3.157,2.421,16.57,2050
N,2.273,0.1785,3.165,2.6,16.61,2060
N,2.273,0.3259,3.041,2.05,14.28,1940
N,4.149,0.1374,3.178,2.741,13.81,2070
N,3.367,0.0575,3.116,2.937,9.57,2010
N,2.493,0.1152,3.063,2.71,13.35,1960
N,3.765,0.173,3.151,2.606,18.07,2040
N,2.475,0.1973,3.064,2.459,11.86,1960
N,4.173,0.1285,3.046,2.655,16.02,1940
N,2.695,0.151,3.196,2.713,25.35,2090
Y,0.374,0.7064,3.219,0.945,8.98,2110
Y,0.077,0.5691,1.651,0.711,5.28,775
N,4.426,0.1372,3.178,2.742,27.12,2070
N,2.839,0.0967,3.106,2.806,15.32,2000
N,3.302,0.0901,3.07,2.793,12.12,1960
N,2.368,0.111,3.203,2.848,12.17,2090
N,3.88,0.108,3.183,2.84,25.86,2070
N,3.574,0.0124,3.055,3.017,14.91,1950
N,3.078,0.2168,2.621,2.053,12.46,1550
N,2.842,0.2203,3.109,2.424,17.21,2000
N,2.426,0.1868,3.09,2.513,13.3,1980
N,2.457,0.2083,3.032,2.4,14.97,1930
N,1.957,0.1592,3.119,2.623,23.02,2010
N,2.645,0.2153,3.026,2.374,10.41,1920
N,2.499,0.2123,3.167,2.494,15.84,2060
N,2.367,0.1659,3.046,2.541,25.37,1940
N,3.828,0.0868,2.976,2.718,24.63,1880
N,2.464,0.1888,3.137,2.545,9.4,2030
N,3.403,0.0691,3.091,2.877,27.3,1980
N,2.862,0.2546,2.997,2.234,14.07,1900
N,2.708,0.1885,3.114,2.527,15.43,2010
N,2.777,0.0998,3.218,2.896,9.26,2110
N,2.408,0.2197,3.171,2.475,14.26,2060
N,1.673,0.3046,3.069,2.134,16.78,1960
N,3.259,0.144,3.192,2.732,27.45,2080
N,2.867,0.2575,3.151,2.34,26.87,2040
N,1.915,0.0594,2.525,2.375,14.36,1470
N,2.791,0.164,3.107,2.598,14.45,2000
N,4.206,0.1476,3.197,2.725,27.67,2090
N,3.233,0.196,3.157,2.538,27.25,2050
N,2.463,0.2055,3.084,2.45,27.21,1980
N,1.685,0.3205,3.123,2.122,26.01,2020
N,3.044,0.2391,3.056,2.326,16.59,1950
N,3.586,0.23,3.174,2.444,25.25,2060
N,3.693,0.2157,3.419,2.682,19.71,2310
N,6.285,0.2125,3.209,2.527,24.68,2100
N,4.126,0.0414,2.95,2.828,9.88,1850
N,2.735,0.1302,3.136,2.727,15.54,2030
N,3.065,0.0768,3.082,2.845,14.8,1980
N,3.083,0.1392,3.197,2.752,8.82,2090
N,4.498,0.1742,3.119,2.575,10.91,2010
N,4.838,0.0662,3.424,3.197,10.86,2310
N,3.563,0.0385,3.055,2.938,18.43,1950
N,4.304,0.1024,2.99,2.683,13.94,1890
N,2.543,0.0702,3.16,2.938,10.32,2050
N,2.562,0.1221,3.078,2.702,9.8,1970
N,2.849,0.1367,3.14,2.711,13.9,2030
N,2.631,0.2059,3.225,2.561,24.98,2120
N,2.42,0.1648,2.66,2.221,8.19,1580
N,3.918,0.0695,3.041,2.83,17.34,1940
Y,0.432,0.5435,2.26,1.032,21.42,1240
N,4.45,0.0952,3.147,2.848,12.66,2040
Y,1.008,0.4854,2.156,1.11,40.86,1160
Y,0.196,0.1827,0.8707,0.712,8.37,297
Y,0.285,0.7541,2.89,0.711,1.98,1790
Y,0.199,0.5201,2.059,0.988,4.44,1080
Y,1.214,0.6655,2.86,0.957,31.16,1770
Y,0.08,0.5192,1.808,0.869,2.99,888
N,2.491,0.1905,3.137,2.539,9.68,2030
N,2.9,0.2748,3.124,2.265,16.28,2020
N,2.545,0.2222,3.174,2.469,28.29,2070
N,1.95,0.2054,3.141,2.496,9.37,2030
N,2.814,0.1907,3.135,2.537,10.51,2030
N,2.229,0.1876,3.046,2.475,17.11,1940
N,5.07,0.1234,3.216,2.819,19.28,2110
N,3.275,0.0653,3.032,2.834,16.78,1930
N,3.214,0.0539,2.857,2.703,24.91,1760
N,3.347,0.0446,3.161,3.02,10.38,2050
N,2.975,0.1338,3.037,2.63,12.45,1930
Y,0.208,0.4527,1.703,0.932,12.08,812
N,2.075,0.1847,3.164,2.58,10.67,2060
N,2.77,0.1729,3.114,2.576,10.98,2010
N,2.17,0.125,3.14,2.748,13.52,2030
N,3.766,0.2279,3.166,2.445,29.46,2060
N,3.115,0.1773,3.174,2.611,26.35,2070
N,2.879,0.2536,3.12,2.329,27.04,2010
N,2.641,0.0334,2.992,2.892,15.05,1890
N,2.447,0.0949,3.06,2.77,10.29,1960
N,4.29,0.1019,3.058,2.746,8.75,1950
N,3.053,0.0349,3.16,3.05,13.46,2050
N,3.553,0.1119,3.022,2.684,8.33,1920
N,2.847,0.1018,2.974,2.671,7.96,1870
N,3.696,0.0266,3.187,3.103,11.19,2080
N,2.074,0.2225,3.148,2.448,4.37,2040
N,2.544,0.2521,3.084,2.307,13.29,1980
N,3.738,0.4468,3.149,1.742,23.48,2040
Y,0.459,0.6399,3.042,1.096,27.89,1940
Y,0.07,0.4607,1.769,0.954,1.23,859
N,3.866,0.1556,3.181,2.686,27.74,2070
N,2.9,0.1546,3.203,2.707,26.32,2090
N,3.367,0.0609,2.899,2.722,10.47,1800
N,3.711,0.0017,3.218,3.212,10.3,2110
N,2.041,0.2271,3.159,2.441,16.18,2050
N,3.146,0.1906,3.161,2.559,27.69,2050
N,4.333,0.0994,3.088,2.781,23.49,1980
N,2.956,0.2047,3.102,2.467,28.95,2000
N,3.181,0.2144,3.154,2.478,10.32,2050
N,2.994,0.1665,3.083,2.57,12.04,1980
N,2.38,0.1594,3.108,2.613,13.37,2000
N,4.226,0.143,3.165,2.712,7.03,2060
N,2.975,0.2382,3.115,2.373,15.87,2010
N,3.238,0.1457,3.226,2.756,18.52,2120
N,5.181,0.1473,3.206,2.734,19.41,2100
N,3.676,0.0958,3.157,2.855,15.2,2050
N,2.407,0.2037,3.141,2.501,17.53,2030
Y,0.123,0.6222,0.7297,0.276,21.53,228
N,3.803,0.1904,3.142,2.544,15.64,2030
N,4.206,0.0656,3.186,2.977,10.64,2080
N,2.398,0.3738,3.183,1.993,29.06,2070
N,2.962,0.1174,3.199,2.823,25.92,2090
N,2.175,0.2088,3.15,2.492,8.77,2040
Y,0.606,0.7062,2.165,0.636,28.41,1160
N,2.431,0.3815,3.068,1.898,12.78,1960
N,2.938,0.1885,3.163,2.567,21.68,2050
N,4.223,0.1807,3.041,2.492,18.42,1940
N,3.231,0.0811,3.144,2.889,11.73,2040
N,3.409,0.0622,3.055,2.864,11.25,1950
N,2.911,0.1867,3.094,2.516,11.57,1990
N,2.482,0.2734,3.167,2.301,14.02,2060
N,4.613,0.1431,2.91,2.493,16.55,1810
N,3.905,0.1795,3.179,2.609,26.8,2070
N,4.973,0.057,3.031,2.859,14.31,1930
N,3.619,0.0944,3.174,2.874,16.06,2070
N,3.507,0.1118,3.182,2.826,19.02,2070
N,2.582,0.2031,3.125,2.49,15.7,2020
N,3.474,0.1232,3.081,2.702,15.55,1980
N,4.02,0.1259,3.111,2.719,19.91,2000
Y,0.094,0.7295,3.972,1.074,12.63,2890
N,1.327,0.3627,3.33,2.122,12.86,2220
N,4.909,0.098,3.14,2.832,20.18,2030
N,3.268,0.1892,3.098,2.512,28.19,1990
N,2.852,0.0755,3.106,2.871,21.71,2000
N,4.102,0.1538,3.188,2.698,14.94,2080
N,2.598,0.1773,3.13,2.575,2.9,2020
N,2.613,0.134,3.126,2.707,12.92,2020
N,2.305,0.2585,3.043,2.256,11.28,1940
N,2.032,0.2071,3.16,2.505,15.52,2050
N,2.203,0.1826,3.087,2.524,16.24,1980
N,2.321,0.1816,3.186,2.608,18.05,2080
N,2.536,0.1839,3.204,2.614,27.89,2090
N,2.994,0.1554,3.116,2.632,13.78,2010
N,2.548,0.2726,3.2,2.327,25.2,2090
N,3.12,0.163,3.117,2.609,10.84,2010
N,2.595,0.2135,3.184,2.505,15.54,2080
N,3.846,0.1744,3.05,2.519,15.23,1950
N,3.384,0.1665,3.14,2.617,9.8,2030
N,5.17,0.0894,3.049,2.776,16.15,1940
Y,0.228,0.4711,0.7142,0.378,23.85,220
N,1.606,0.2453,2.188,1.651,31.93,1180
Y,0.034,0.5186,1.564,0.753,1.41,714
N,2.527,0.1176,3.057,2.698,3.92,1950
N,2.695,0.2283,3.103,2.395,22.84,2000
N,3.939,0.2527,3.152,2.356,10.92,2040
N,2.406,0.145,2.961,2.532,14.28,1860
N,3.025,0.26,3.177,2.351,28.27,2070
N,2.964,0.2637,3.136,2.309,25.09,2030
N,2.797,0.0544,3.239,3.062,8.81,2130
Y,0.066,0.6394,2.246,0.81,7.5,1230
Y,0.106,0.7147,2.457,0.701,5.14,1410
N,3.012,0.2669,3.158,2.315,25.95,2050
N,3.413,0.3283,2.742,1.842,25.1,1660
N,5.587,0.0685,3.232,3.01,19.47,2120
N,2.853,0.1999,3.156,2.525,8.52,2050
Y,0.268,0.5952,2.436,0.986,6.82,1390
N,3.904,0.1407,3.175,2.728,28.05,2070
N,2.552,0.0643,2.464,2.305,16.65,1410
N,2.7,0.2803,3.165,2.278,15.25,2060
N,4.294,0.0083,3.086,3.061,11.31,1980
N,3.437,0.1775,3.162,2.601,30.15,2050
N,2.415,0.2447,3.162,2.389,15.52,2050
N,5.578,0.2198,3.115,2.43,15.28,2010
N,5.262,0.1316,3.098,2.69,27.65,1990
N,2.703,0.0546,3.163,2.99,13.33,2050
N,3.352,0.1071,3.047,2.721,15.56,1940
N,3.919,0.1932,3.147,2.539,16.48,2040
N,4.11,0.0848,3.221,2.948,13.01,2110
N,1.877,0.1301,3.14,2.732,27.16,2030
N,3.12,0.0396,3.071,2.949,15.7,1970
N,3.193,0.0958,3.087,2.792,18.44,1980
N,3.762,0.093,3.105,2.816,27.61,2000
N,2.481,0.1453,3.159,2.7,27.59,2050
N,2.035,0.2157,3.121,2.448,10.62,2010
N,3.692,0.1176,3.155,2.784,27.87,2050
N,2.727,0.2859,3.172,2.265,25.79,2060
N,2.227,0.1547,2.579,2.18,9.8,1510
N,2.69,0.3834,3.168,1.953,24.56,2060
N,3.65,0.0522,3.053,2.894,13.93,1950
N,2.486,0.1962,3.149,2.531,9.87,2040
N,6.201,0.1517,2.989,2.536,9.36,1890
N,3.27,0.1652,3.134,2.616,14.05,2030
N,2.06,0.1786,3.068,2.52,2.73,1960
N,2.597,0.1661,3.043,2.538,16.58,1940
N,3.374,0.2298,3.172,2.443,27.42,2060
Y,0.231,0.6246,2.434,0.914,10.04,1390
N,5.138,0.0718,3.078,2.857,8.87,1970
N,3.27,0.1691,3.098,2.574,8.89,1990
N,2.298,0.1786,3.163,2.598,27.61,2050
N,3.741,0.1881,3.066,2.489,9.07,1960
N,3.206,0.1777,3.173,2.609,9.82,2060
N,3.229,0.17,3.183,2.642,27.74,2070
N,3.436,0.0126,3.044,3.006,8.55,1940
N,2.566,0.1727,3.073,2.542,8.15,1970
N,2.911,0.0916,3.075,2.794,22.96,1970
N,3.05,0.1608,3.179,2.668,24.4,2070
N,2.131,0.1852,3.197,2.605,26.72,2090
N,3.901,0.0916,3.082,2.799,6.1,1980
N,4.256,0.1736,3.176,2.624,27.59,2070
N,2.962,0.2404,3.136,2.382,11.51,2030
N,2.855,0.1706,3.103,2.574,18.08,2000
N,3.127,0.1737,3.074,2.54,13.26,1970
N,3.105,0.1886,3.191,2.589,14.76,2080
N,2.758,0.2008,3.161,2.526,10.28,2050
N,2.532,0.2034,3.138,2.5,16.02,2030
N,2.401,0.1912,3.149,2.547,10.41,2040
N,2.855,0.1155,3.16,2.795,8.91,2050
N,2.125,0.212,3.045,2.4,6.63,1940
N,2.442,0.2102,3.118,2.463,27.03,2010
N,3.45,0.1006,3.046,2.74,17.13,1940
N,3.63,0.0682,3.211,2.992,11.53,2100
N,3.204,0.1951,3.185,2.564,13.57,2080
N,3.241,0.0685,3.139,2.924,16.08,2030
N,3.85,0.1027,3.026,2.715,11.49,1920
N,2.731,0.0492,3.19,3.033,11.28,2080
N,3.257,0.0621,3.074,2.883,4.51,1970
N,1.929,0.1568,3.096,2.611,27.75,1990
N,2.892,0.1754,3.095,2.552,16.58,1990
Y,0.205,0.6886,2.626,0.818,22.44,1550
N,2.935,0.1054,2.933,2.624,2.05,1840
N,3.403,0.2291,3.106,2.394,25.76,2000
N,2.996,0.0488,3.079,2.929,27.62,1970
N,2.938,0.1514,3.11,2.639,8.85,2000
Y,0.202,0.6974,1.276,0.386,29.84,526
Y,0.183,0.6189,2.527,0.963,4.21,1470
Y,0.186,0.2146,1.258,0.988,40.95,516
N,2.41,0.4489,3.096,1.706,23.5,1990
Y,0.366,0.4393,1.484,0.832,12.08,660
N,2.07,0.1881,3.151,2.558,16.59,2040
N,5.261,0.071,3.188,2.962,10.49,2080
N,2.804,0.2094,3.186,2.519,25.78,2080
N,4.972,0.1448,3.157,2.7,16.48,2050
N,2.141,0.0754,3.156,2.918,6.57,2050
N,3.42,0.1935,3.18,2.565,12.76,2070
N,2.302,0.0951,3.142,2.844,6.07,2030
N,3.418,0.088,3.089,2.817,10.36,1980
N,4.35,0.0352,3.135,3.025,10.62,2030
N,2.847,0.2765,3.177,2.299,25.51,2070
N,1.419,0.1705,2.221,1.842,3.75,1210
N,2.787,0.1887,3.181,2.581,16.72,2070
N,2.673,0.1571,2.893,2.439,4.94,1800
N,2.292,0.3573,2.746,1.765,25.44,1660
N,2.44,0.1734,3.161,2.613,18.93,2050
N,2.349,0.1922,3.16,2.552,20.74,2050
N,1.929,0.2588,3.087,2.288,10.47,1980
N,2.756,0.202,3.076,2.455,12.33,1970
N,2.546,0.1817,3.091,2.53,13.66,1990
N,3.082,0.2453,3.164,2.388,14.04,2060
N,2.157,0.2198,3.063,2.39,1.83,1960
N,2.85,0.0408,2.772,2.658,4.03,1690
N,3.576,0.2043,3.056,2.432,16.48,1950
N,2.467,0.1562,3.141,2.65,8.04,2030
N,4.332,0.2302,3.139,2.417,11.67,2030
N,3.361,0.1236,3.044,2.668,17.12,1940
N,2.735,0.1754,3.194,2.634,20.93,2080
N,5.014,0.1259,3.182,2.781,28.34,2070
N,3.211,0.1779,3.071,2.525,14.75,1970
N,2.859,0.0784,3.066,2.825,8.71,1960
N,2.983,0.1177,3.209,2.831,16.36,2100
N,4.491,0.1844,2.937,2.395,27.95,1840
N,4.595,0.0726,3.174,2.943,23.2,2060
N,4.086,0.0836,3.226,2.956,16.43,2120
N,3.269,0.2107,3.167,2.5,13.48,2060
N,2.604,0.1662,2.945,2.456,10.95,1850
N,2.132,0.2293,2.92,2.251,16.13,1820
N,3.827,0.0751,3.206,2.965,15.74,2100
N,2.916,0.1642,2.993,2.502,8.77,1890
N,3.45,0.2158,3.151,2.471,11.34,2040
N,1.746,0.2086,3.114,2.464,8.09,2010
N,3.221,0.1818,3.064,2.507,6,1960
N,3.439,0.0513,2.767,2.625,12.37,1680
N,3.698,0.033,3.095,2.993,17.24,1990
N,3.164,0.0623,3.171,2.973,10.07,2060
N,3.15,0.1626,3.032,2.539,20.6,1930
Y,1.317,0.7196,2.458,0.689,20.77,1410
N,2.9,0.136,3.106,2.684,29.07,2000
N,3.905,0.0725,2.979,2.763,21.28,1880
N,3.958,0.2295,2.748,2.118,28.05,1660
Y,0.422,0.6666,2.92,0.974,16.46,1820
Y,1.177,0.6088,3.252,1.272,15.24,2140
N,2.43,0.0949,3.114,2.818,4.17,2010
N,2.516,0.1789,3.112,2.556,14.88,2010
N,2.165,0.1659,3.132,2.613,29.85,2020
N,2.317,0.2006,3.131,2.503,14.66,2020
N,2.998,0.1448,3.175,2.715,20.58,2070
N,2.5,0.2548,3.158,2.353,26,2050
N,3.221,0.1675,3.172,2.641,26.07,2060
Y,0.371,0.555,2.15,0.957,19.35,1150
N,2.424,0.3732,3.104,1.945,18.36,2000
N,2.83,0.1558,2.289,1.933,23.39,1270
N,2.169,0.1847,3.167,2.582,18.77,2060
N,3.24,0.1244,3.202,2.804,2.32,2090
N,2.358,0.3564,3.089,1.988,25.49,1980
N,3.319,0.1752,3.174,2.618,29.88,2070
N,4.477,0.2651,3.197,2.349,26.6,2090
Y,0.192,0.2823,0.8072,0.579,6.8,265
N,2.036,0.2961,3.146,2.215,27.47,2040
N,2.752,0.3072,3.171,2.197,25.04,2060
N,3.048,0.069,3.022,2.814,12.08,1920
N,3.479,0.0995,3.216,2.896,19.42,2110
N,3.41,0.179,3.084,2.532,3.72,1980
Y,0.661,0.7868,2.424,0.517,21,1380
N,2.648,0.3744,3.165,1.98,27.22,2060
N,3.716,0.0251,3.21,3.129,11.98,2100
N,2.898,0.1805,3.048,2.498,27.16,1940
Y,0.031,0.5792,2.082,0.876,0.92,1100
Y,0.174,0.5334,1.828,0.853,3.88,903
N,2.848,0.1781,3.095,2.543,29.51,1990
N,2.7,0.2563,3.168,2.356,24.77,2060
N,2.784,0.1085,3.209,2.861,28.28,2100
N,2.053,0.2362,3.198,2.443,17.12,2090
Y,0.91,0.6497,2.26,0.792,40.21,1240
N,2.524,0.1954,3.096,2.491,17.45,1990
Y,0.16,0.3052,1.139,0.792,21.21,444
Y,0.328,0.2803,0.9017,0.649,18.14,313
N,3.029,0.2096,3.165,2.501,27.93,2060
N,1.794,0.338,2.763,1.829,12.7,1680
Y,0.517,0.6714,2.315,0.761,14.86,1290
N,2.839,0.1692,3.127,2.598,28.16,2020
Y,0.06,0.1461,1.012,0.864,32.18,372
Y,0.204,0.6329,2.799,1.027,32.87,1710
N,1.912,0.1769,3.169,2.608,10.18,2060
Y,0.43,0.6458,2.163,0.766,12.94,1160
Y,0.845,0.7479,2.565,0.647,12.79,1500
Y,0.085,0.6109,1.805,0.702,4.19,885
Y,0.681,0.7577,2.136,0.518,15.33,1140
N,2.288,0.3739,2.761,1.729,14.59,1680
N,3.541,0.175,3.173,2.618,16.67,2060
N,1.604,0.2464,3.044,2.294,17.25,1940
N,2.782,0.1387,3.014,2.596,14.51,1910
N,3.988,0.1668,3.078,2.565,5.22,1970
N,3.24,0.1404,3.183,2.736,27.18,2070
N,2.134,0.0756,2.966,2.741,10.34,1870
N,2.306,0.1545,3.173,2.683,26.46,2060
N,2.754,0.2315,3.195,2.455,26.52,2090
Y,0.237,0.8634,1.786,0.244,15.19,872
N,4.39,0.2195,3.17,2.474,27.56,2060
N,2.37,0.311,2.57,1.771,18.4,1510
Y,0.864,0.6914,3.222,0.994,5.58,2110
N,1.849,0.588,3.187,1.313,6.49,2080
N,2.437,0.3879,3.134,1.918,26.55,2030
N,2.141,0.2558,3.225,2.4,13.36,2120
N,2.544,0.2435,3.217,2.434,13.65,2110
N,2.559,0.2063,2.888,2.292,18.09,1790
N,2.857,0.0983,3.149,2.84,11.65,2040
N,2.229,0.1373,3.209,2.769,4.52,2100
N,3.506,0.3158,3.159,2.161,23.67,2050
N,1.077,0.431,3.155,1.795,28.75,2050
N,3.793,0.1607,3.169,2.66,27.09,2060
N,2.279,0.3384,2.716,1.797,14.19,1630
N,2.696,0.075,2.549,2.358,11.58,1490
N,2.917,0.2223,3.142,2.444,17.96,2030
N,3.846,0.2139,3.196,2.512,14.53,2090
N,3.498,0.2614,3.116,2.302,24.11,2010
N,3.228,0.1475,3.161,2.695,16.13,2050
N,3.325,0.0889,2.917,2.657,16.46,1820
N,2.474,0.2158,3.001,2.353,18.17,1900
N,2.314,0.1724,3.151,2.608,27.2,2040
N,3.404,0.2537,3.184,2.376,24.19,2070
N,3.707,0.2725,3.127,2.274,14.78,2020
N,3.732,0.0737,3.174,2.94,18.14,2070
N,2.467,0.1485,3.175,2.704,24.26,2070
N,3.191,0.099,3.221,2.902,4.52,2110
N,2.5,0.1537,2.986,2.527,12.74,1880
N,1.773,0.3701,2.782,1.752,24.91,1690
N,1.518,0.2727,2.281,1.659,23.09,1260
N,3.541,0.2737,3.176,2.307,28.96,2070
N,2.082,0.3133,2.611,1.793,4.17,1540
Y,0.468,0.4611,1.696,0.914,22.34,807
Y,0.647,0.77,2.855,0.657,10.41,1760
N,2.862,0.1867,3.254,2.647,6.06,2140
Y,0.479,0.5619,2.169,0.95,16.85,1170
Y,1.349,0.6769,2.841,0.918,16.33,1750
N,3.743,0.2237,3.201,2.485,25.82,2090
N,3.256,0.1704,3.232,2.681,25.14,2120
Y,0.196,0.6174,2.462,0.942,3.58,1410
N,3.271,0.2881,3.049,2.171,14.46,1940
Y,0.31,0.5799,2.701,1.135,13.43,1620
N,3.614,0.2146,2.807,2.205,12.01,1720
N,2.717,0.27,3.112,2.272,8.28,2000
N,4.679,0.1101,3.107,2.765,28.9,2000
N,4.98,0.096,3.174,2.869,17.93,2060
N,2.101,0.2441,3.128,2.365,24.68,2020
N,2.538,0.2617,2.943,2.173,14.07,1840
N,2.215,0.1752,3.162,2.608,27.18,2050
Y,0.661,0.9048,2.231,0.212,23.32,1220
N,2.108,0.1809,2.42,1.982,14.11,1370
N,4.202,0.1671,3.198,2.663,17.6,2090
Y,1.862,0.7219,2.778,0.772,19.21,1690
N,3.125,0.1964,3.201,2.572,9.16,2090
N,2.259,0.3595,3.053,1.955,11.1,1950
N,3.745,0.2524,3.153,2.357,21.02,2040
N,5.171,0.186,3.17,2.58,16.02,2060
N,2.318,0.1015,2.836,2.549,14.12,1740
Y,0.25,0.4028,1.506,0.899,16.63,675
Y,0.066,0.3849,1.613,0.992,4.84,748
N,1.846,0.2595,3.149,2.332,25.43,2040
N,3.521,0.2411,3.132,2.377,20.8,2020
N,2.947,0.3055,3.092,2.147,10.1,1990
N,2.525,0.1677,3.024,2.517,9.07,1920
N,2.617,0.3379,3.168,2.098,23.82,2060
N,3.702,0.0631,2.65,2.483,11.46,1580
Y,0.081,0.7616,2.434,0.58,0.96,1390
N,2.044,0.4468,3.138,1.736,24.65,2030
N,2.797,0.2545,3.132,2.335,14.66,2020
Y,1.246,0.7101,2.812,0.815,6.32,1720
Y,2.73,0.6962,2.13,0.647,36.4,1140
Y,0.278,0.8805,2.471,0.295,24.9,1420
N,1.69,0.2673,2.278,1.669,22.56,1260
N,3.11,0.2252,3.108,2.408,12.5,2000
N,4.46,0.1898,3.188,2.583,14.22,2080
N,3.503,0.3942,3.195,1.936,22.87,2090
N,3.236,0.1955,3.174,2.554,14.37,2070
N,3.15,0.14,3.026,2.603,11.72,1920
N,3.165,0.1221,3.224,2.83,3.29,2110
N,4.403,0.2476,3.166,2.382,27.55,2060
N,2.283,0.1131,2.606,2.312,11.34,1540
Y,1.391,0.4662,2.177,1.162,29.21,1170
Y,0.82,0.5773,2.755,1.164,8.97,1670
N,3.877,0.1532,3.13,2.65,28.31,2020
N,2.478,0.2205,3.184,2.482,14.61,2070
N,3.28,0.1804,3.177,2.604,25.94,2070
N,3.362,0.1101,3.024,2.691,1.87,1920
Y,0.018,0.4988,1.799,0.902,9.25,881
Y,0.063,0.5941,1.833,0.744,11.27,907
Y,0.188,0.583,2.408,1.004,17.72,1360
Y,0.05,0.5813,0.9471,0.397,5.27,337
N,2.234,0.1517,3.068,2.603,13.01,1960
N,1.333,0.4144,3.107,1.82,20.67,2000
N,1.882,0.2519,2.338,1.749,25.68,1310
N,4.364,0.2242,3.139,2.436,10.22,2030
N,2.297,0.2294,3.144,2.423,8.72,2040
N,3.482,0.1494,2.626,2.233,11.67,1550
N,2.017,0.2373,3.14,2.395,9.38,2030
N,3.324,0.0287,3.193,3.101,7.55,2080
N,3.09,0.2206,3.182,2.48,16.06,2070
Y,0.008,0.1309,1.119,0.973,2.35,432
Y,0.281,0.5418,0.8996,0.412,30.07,312
N,2.36,0.2065,3.188,2.53,26.16,2080
N,2.799,0.1865,3.172,2.58,13.69,2060
N,3.727,0.1312,3.201,2.781,19.25,2090
N,2.893,0.3477,3.149,2.054,26.87,2040
N,3.298,0.1715,3.204,2.655,17.87,2090
N,2.785,0.1724,3.151,2.608,16.16,2040
N,2.899,0.2335,3.132,2.4,8.44,2020
N,3.009,0.2382,3.195,2.434,25.52,2090
N,3.305,0.319,2.575,1.754,27.28,1510
N,1.758,0.4279,3.127,1.789,22.14,2020
N,3.162,0.2342,3.149,2.412,16.35,2040
N,3.039,0.0903,3.11,2.829,14.48,2000
N,2.621,0.1308,3.09,2.686,12.55,1980
N,2.373,0.1428,3.062,2.625,8.3,1960
N,3.935,0.1645,3.205,2.678,23.94,2100
Y,0.143,0.7928,2.498,0.517,3.82,1440
N,3.572,0.1129,2.574,2.283,27.37,1510
N,3.195,0.4169,3.161,1.843,25.58,2050
Y,0.049,0.6505,2.821,0.986,2.14,1730
N,2.401,0.1751,3.193,2.634,27.1,2080
N,4.301,0.0895,3.086,2.809,17.13,1980
N,3.76,0.1913,2.576,2.083,30.03,1510
N,2.735,0.1597,3.134,2.634,20.53,2030
N,1.591,0.1759,2.339,1.928,9.37,1310
N,2.432,0.1874,3.146,2.556,10.55,2040
N,3.945,0.0597,3.173,2.983,15.14,2060
N,2.841,0.1134,2.698,2.392,3.85,1620
N,1.858,0.0626,2.604,2.441,5.26,1540
N,2.099,0.1477,2.646,2.256,18.18,1570
Y,0.128,0.5298,2.097,0.986,4.71,1110
N,3.042,0.4122,3.181,1.87,25.49,2070
N,2.2,0.188,3.08,2.501,2.51,1970
Y,0.525,0.7745,2.723,0.614,26.97,1640
N,2.521,0.1337,2.604,2.256,11.3,1530
N,2.653,0.1111,3.112,2.766,6.76,2010
N,2.526,0.3184,2.538,1.73,16.89,1480
N,2.112,0.349,2.775,1.807,17.82,1690
N,2.157,0.3706,2.895,1.822,11.25,1800
Y,0.194,0.2485,1.341,1.007,7.74,567
Y,0.917,0.525,2.629,1.249,27.02,1560
N,2.9,0.2295,3.08,2.373,10.02,1970
N,4.158,0.1342,3.097,2.681,25.58,1990
N,5.664,0.1063,3.097,2.767,27.92,1990
Y,1.082,0.6647,2.85,0.956,15.17,1760
N,3.468,0.1768,3.228,2.657,26.54,2120
N,3.718,0.3369,3.147,2.087,25.66,2040
N,2.286,0.2101,3.068,2.423,15.5,1960
N,3.329,0.2682,3.219,2.356,25.63,2110
N,2.594,0.3085,3.09,2.137,12.47,1980
N,3.092,0.2503,3.154,2.364,23.37,2050
Y,0.144,0.6408,2.74,0.984,4.84,1660
N,2.864,0.072,2.975,2.761,10.31,1870
N,4.093,0.0786,3.183,2.933,15.63,2070
N,2.75,0.1133,3.075,2.727,20.93,1970
N,5.888,0.0972,2.926,2.642,18.24,1830
N,1.765,0.3416,2.714,1.787,13.55,1630
N,3.499,0.2579,3.083,2.288,22.16,1980
N,2.028,0.1801,2.317,1.9,11.22,1290
Y,0.065,0.8339,1.946,0.323,17.74,992
N,4.856,0.1887,2.864,2.324,15.12,1770
N,3.985,0.2822,3.131,2.247,27.14,2020
Y,0.734,0.5709,2.793,1.198,28.14,1700
N,3.296,0.2224,3.158,2.456,9.45,2050
N,1.553,0.1828,2.323,1.899,5.94,1290
N,1.366,0.1678,2.362,1.966,4.25,1330
N,2.461,0.136,2.603,2.249,10.82,1530
N,5.438,0.0973,3.125,2.821,12.13,2020
N,2.729,0.1511,2.748,2.333,13.65,1660
N,3.377,0.0978,3.224,2.908,13.43,2110
N,5.007,0.0241,3.019,2.946,11.66,1920
N,1.838,0.1569,2.278,1.921,24.19,1260
N,5.143,0.0523,3.153,2.988,24.42,2040
N,2.412,0.3143,3.064,2.101,14.22,1960
N,1.362,0.1646,2.351,1.964,5.87,1320
N,1.636,0.1795,2.336,1.916,5.62,1300
N,1.6,0.107,2.419,2.16,4.52,1370
N,8.304,0.1255,5.239,4.582,23.68,4380
N,1.582,0.2098,2.295,1.813,6.41,1270
N,1.352,0.1765,2.297,1.892,4.66,1270
N,2.502,0.1904,2.624,2.124,11.24,1550
N,4.492,0.0372,3.148,3.031,21.63,2040
N,4.449,0.1274,3.111,2.714,8.57,2000
N,4.384,0.1639,3.132,2.619,11.27,2020
N,4.263,0.1326,3.205,2.78,17.2,2100
N,4.04,0.0944,3.222,2.918,21.34,2110
N,1.61,0.1823,2.252,1.841,4.27,1230
N,4.192,0.0257,3.161,3.08,9.44,2050
N,1.948,0.1804,2.381,1.951,5.04,1340
N,3.182,0.0781,2.991,2.757,25.38,1890
N,3.395,0.067,2.782,2.596,13.72,1690
N,2.742,0.0519,3.15,2.987,21.53,2040
N,2.78,0.1219,2.612,2.294,8.3,1540
N,2.97,0.0528,3.121,2.956,18.18,2010
N,3.358,0.1585,3.201,2.694,28.73,2090
N,2.447,0.1299,2.263,1.969,25.66,1240
N,1.576,0.0503,2.258,2.144,2.43,1240
N,3.886,0.0753,3.174,2.935,24.85,2070
N,1.51,0.1146,2.368,2.097,7.43,1330
N,1.417,0.1638,2.358,1.972,1.93,1320
N,5.228,0.1685,3.124,2.598,29.45,2020
N,2.226,0.1626,2.269,1.9,6.89,1250
N,2.071,0.1647,2.243,1.874,7.93,1230
N,3.568,0.0668,3.219,3.004,15.67,2110
N,3.151,0.0979,3.118,2.813,13.8,2010
N,1.786,0.1659,2.585,2.156,8.61,1520
N,2.541,0.1026,2.629,2.359,11.42,1560
N,1.971,0.1037,2.912,2.61,10,1810
N,3.678,0.13,2.558,2.226,13.1,1490
N,1.843,0.1661,2.331,1.944,4.8,1300
N,2.13,0.1219,3.212,2.82,17.6,2100
N,1.102,0.1529,2.314,1.96,5.74,1290
N,1.829,0.2304,2.327,1.791,24.73,1300
N,4.749,0.1428,3.205,2.747,28.45,2100
N,2.978,0.0418,3.184,3.051,6.87,2080
N,2.76,0.0929,2.666,2.418,8.45,1590
N,4.451,0.1006,3.166,2.848,29.45,2060
N,3.116,0.0846,2.757,2.524,5.61,1670
N,4.688,0.0782,3.089,2.848,19.19,1980
N,3.215,0.0725,3.137,2.91,10.15,2030
N,4.336,0.0332,3.243,3.135,21.99,2130
N,3.748,0.1098,3.224,2.87,22.21,2110
N,2.403,0.0583,2.709,2.551,6.71,1630
N,2.916,0.0273,2.48,2.413,16.15,1430
N,2.113,0.1131,2.356,2.09,3.76,1320
N,1.274,0.2015,2.332,1.862,5.56,1300
N,2.391,0.0179,3.141,3.085,27.1,2030
N,3.402,0.0811,2.999,2.756,15.93,1900
N,1.527,0.1674,2.293,1.909,5.26,1270
N,1.671,0.1817,2.435,1.992,6.02,1390
N,4.813,0.2049,3.953,3.143,3.82,2870
N,1.733,0.2099,2.385,1.884,6.11,1350
N,3.253,0.047,3.067,2.923,16.79,1960
N,3.487,0.2064,3.2,2.539,17.69,2090
N,1.759,0.115,2.336,2.068,4.07,1300
N,4.564,0.06,3.034,2.852,9.67,1930
N,3.085,0.0877,2.69,2.454,10.56,1610
N,2.897,0.0977,3.084,2.782,27.38,1980
N,2.84,0.0876,2.97,2.71,8.82,1870
N,3.771,0.0632,3.082,2.887,21.89,1980
N,1.997,0.1764,2.352,1.937,5.92,1320
N,3.668,0.0668,3.039,2.836,14.49,1930
N,2.079,0.0867,2.637,2.408,18.93,1560
N,2.098,0.1532,2.455,2.079,16.29,1400
N,1.655,0.0672,2.344,2.187,5.75,1310
N,4.613,0.0507,3.009,2.857,14.8,1910
N,1.575,0.1159,2.252,1.991,5.7,1230
N,1.754,0.2008,2.417,1.932,14.95,1370
N,4.749,0.0358,2.934,2.829,12.46,1840
N,3.345,0.0573,3.071,2.895,12.21,1970
N,2.162,0.0718,2.765,2.567,3.42,1680
N,4.407,0.0879,3.134,2.858,15.4,2030
N,1.529,0.0661,2.26,2.11,4.51,1240
N,1.681,0.1693,2.315,1.923,4.09,1290
N,4.638,0.0612,3.103,2.913,7.53,2000
N,4.515,0.117,2.578,2.276,12.83,1510
N,2.845,0.0457,2.972,2.836,10.49,1870
N,3.289,0.1225,3.124,2.742,4.18,2020
N,1.593,0.1179,2.306,2.034,11.84,1280
N,5.006,0.1832,3.184,2.6,26.8,2070
N,5.399,0.2048,3.188,2.535,19.33,2080
N,1.597,0.2097,2.39,1.888,4.53,1350
N,2.66,0.0065,2.925,2.906,13.06,1830
N,4.447,0.0413,3.184,3.052,13.47,2070
N,3.33,0.1284,2.55,2.223,8.22,1490
N,4.419,0.1003,3.07,2.762,10.21,1970
N,4.344,0.0438,3.182,3.042,14.25,2070
N,4.676,0.1001,3.017,2.715,9.26,1910
N,3.318,0.2407,2.613,1.984,14.14,1540
N,1.996,0.122,2.396,2.104,4.36,1360
N,4.77,0.2962,3.951,2.781,10.83,2870
N,3.077,0.1549,3.207,2.71,25.49,2100
N,3.687,0.1309,3.192,2.774,1.07,2080
N,4.581,0.1713,3.136,2.599,24.45,2030
N,4.703,0.0824,3.147,2.888,14.75,2040
N,3.724,0.2529,3.203,2.393,12.32,2090
N,1.782,0.198,2.303,1.847,23.54,1280
N,2.625,0.1799,3.069,2.517,15.14,1960
N,1.368,0.2571,2.352,1.747,3.39,1320
N,2.813,0.2129,3.129,2.463,25.41,2020
N,1.191,0.1982,2.58,2.069,12.05,1510
N,2.886,0.2904,2.22,1.576,5.23,1210
N,1.406,0.1969,2.335,1.875,23.17,1300
N,3.088,0.3033,3.944,2.748,3.16,2860
N,2.457,0.079,2.799,2.578,3.33,1710
N,5.13,0.132,3.075,2.669,8.06,1970
N,3.446,0.1274,3.034,2.647,12.68,1930
N,2.043,0.223,2.356,1.831,5.12,1320
N,2.997,0.4124,2.583,1.518,28.94,1520
N,1.323,0.2344,2.371,1.815,4.24,1330
N,2.068,0.2447,2.626,1.983,13.89,1550
N,3.069,0.0503,2.88,2.735,7.46,1790
N,3.263,0.1431,3.111,2.666,6.18,2000
N,4.322,0.1032,3.107,2.787,9.54,2000
N,1.69,0.1813,2.618,2.143,14.17,1550
N,2.811,0.1385,2.745,2.365,6.06,1660
N,4.477,0.1606,3.076,2.582,15.9,1970
N,1.588,0.2599,2.331,1.725,6.16,1300
N,3.552,0.3612,3.169,2.024,25.02,2060
N,2.499,0.1465,2.605,2.223,11.37,1540
N,1.953,0.1615,2.659,2.23,9.69,1580
N,4.87,0.1196,3.003,2.644,12.26,1900
N,3.717,0.1948,3.227,2.598,24.83,2120
N,3.268,0.1457,2.746,2.346,10.38,1660
N,2.678,0.1165,2.72,2.403,6.12,1640
N,4.138,0.0824,2.94,2.697,7.24,1840
N,2.382,0.2699,3.193,2.331,13,2080
N,2.586,0.094,2.616,2.37,28.52,1550
N,3.33,0.0758,3.078,2.844,21.71,1970
N,2.99,0.0497,2.862,2.72,10.64,1770
N,2.588,0.234,2.567,1.966,27.79,1500
N,5.136,0.1359,3.153,2.725,25.66,2050
N,1.645,0.2307,2.322,1.786,5.56,1290
N,2.823,0.0436,2.993,2.862,9.13,1890
N,3.425,0.015,3.206,3.158,14.03,2100
N,3.702,0.1349,2.648,2.29,14.76,1570
N,1.976,0.1647,2.634,2.2,13.03,1560
N,3.817,0.2674,3.183,2.332,12.74,2070
N,3.811,0.1037,3.149,2.823,27.77,2040
N,3.419,0.2079,3.012,2.386,11.9,1910
N,5.935,0.1057,3.135,2.804,27.74,2030
N,3.883,0.1367,3.178,2.743,27.09,2070
N,2.315,0.1794,2.182,1.79,27.26,1180
N,2.741,0.0714,2.658,2.468,27.15,1580
N,3.219,0.1751,3.191,2.632,22.96,2080
N,5.098,0.1931,3.152,2.543,27.25,2040
N,3.714,0.0423,3.245,3.107,18.6,2130
N,1.779,0.2024,2.604,2.077,12.66,1530
N,2.372,0.1932,2.535,2.045,33.54,1470
N,4.997,0.172,2.543,2.106,26.05,1480
N,1.681,0.2137,2.465,1.938,10.33,1410
N,3.694,0.0863,2.628,2.401,11.35,1560
N,2.049,0.1318,2.585,2.244,12.84,1520
N,2.734,0.2211,2.362,1.84,21.72,1330
N,2.319,0.1613,2.467,2.069,10.29,1420
N,4.718,0.12,3.193,2.81,15.73,2080
Y,0.289,0.4974,2.108,1.059,7.65,1120
N,2.861,0.0929,2.638,2.393,11.48,1560
N,4.87,0.1929,2.777,2.242,17.67,1690
N,2.842,0.1198,3.105,2.732,9.21,2000
N,1.949,0.1481,2.663,2.269,16.83,1590
N,4.057,0.2076,2.751,2.18,16.43,1670
N,2.307,0.1919,2.595,2.097,27.09,1530
N,5.096,0.0604,3.157,2.966,28.14,2050
N,3.861,0.0871,3.071,2.803,15.33,1970
N,1.601,0.2042,2.628,2.092,3.35,1560
N,1.766,0.425,2.756,1.585,15.48,1670
N,4.671,0.1492,3.153,2.682,10.2,2040
N,3.723,0.09,2.936,2.672,12.44,1840
N,2.825,0.1242,2.605,2.282,10.64,1540
N,1.815,0.2013,2.589,2.068,11.86,1520
N,4.298,0.1001,3.423,3.08,14.03,2310
N,3.071,0.2437,2.762,2.089,8.65,1680
N,1.579,0.1863,2.667,2.17,11.08,1590
N,1.318,0.2346,2.665,2.04,17.4,1590
N,2.64,0.0517,2.967,2.814,18.36,1870
N,2.171,0.0859,2.735,2.5,9.53,1650
N,1.676,0.2252,2.73,2.115,7.87,1650
N,4.208,0.1535,3.164,2.678,18.5,2060
N,2.105,0.1594,2.664,2.239,9.41,1590
N,2.773,0.2567,2.778,2.065,16.59,1690
N,2.487,0.1935,2.864,2.31,17.96,1770
N,3.567,0.0241,2.632,2.569,26.37,1560
N,2.347,0.1788,2.612,2.145,14.87,1540
N,4.934,0.1665,3.097,2.582,28.44,1990
N,1.633,0.2577,2.759,2.048,19.84,1670
N,2.182,0.2081,2.749,2.177,29.25,1660
N,5.043,0.0634,3.089,2.893,23.5,1980
N,2.148,0.093,2.899,2.63,17.11,1800
N,5.419,0.0739,3.204,2.968,22.6,2100
N,3.158,0.0604,2.813,2.643,14.28,1720
N,2.204,0.1911,2.701,2.185,3.31,1620
N,5.091,0.0527,3.093,2.931,15.55,1990
N,1.87,0.2465,2.742,2.066,13.47,1660
N,2.182,0.2962,2.717,1.912,16.56,1640
N,1.688,0.2419,2.68,2.032,16.72,1600
N,2.887,0.16,2.788,2.342,8.65,1700
N,2.226,0.2505,2.731,2.047,15.11,1650
Y,11,0.9679,17.93,0.575,162.2,27700
Y,4.8,0.8483,2.215,0.336,11.78,1200
Y,5.2,0.6376,3.419,1.239,22.33,2310
Y,4.5,0.8198,5.7,1.027,54.98,4970
Y,2,0.7105,3.5,1.013,32,2390
Y,2.6,0.7048,4.086,1.206,11.73,3020
Y,2.6,0.6351,3.036,1.108,22.44,1930
Y,1.4,0.6613,3.085,1.045,9.23,1980
Y,1.6,0.824,3.026,0.533,4.25,1920
Y,1.2,0.6588,3.093,1.055,11.75,1990
Y,3.6,0.9056,10.34,0.976,162.49,12100
Y,3.4,0.6409,3.462,1.243,7.04,2350
Y,2.8,0.5941,3.031,1.231,2.89,1930
Y,6.4,0.9592,3.035,0.124,58.14,1930
Y,1.6,0.6938,3.475,1.064,13.61,2370
Y,2,0.6655,3.208,1.073,5.7,2100
Y,26,0.9632,26.09,0.96,113.45,48700
Y,11.6,0.9289,13.81,0.983,19.19,18800
Y,13.6,0.9253,13.3,0.994,80.25,17700
